NLB015569_01,5,8,3,10,12,3,1:bag
NLB015569_01,16,18,2,24,27,4,2:dg
NLB070033_01,19,21,2,25,28,4,2:eedcba
NLB070033_01,21,24,3,29,31,3,3:gbd
NLB070053_01,24,53/2,5/2,32,36,5,1:dbdg
NLB070053_01,0,3,3,0,4,5,1:dbdg
NLB070053_01,12,29/2,5/2,14,18,5,1:dbdg
NLB070053_01,7/2,6,5/2,6,7,2,2:fise
NLB070053_01,8,12,4,11,13,3,3:gfised
NLB070053_01,15,35/2,5/2,20,23,4,4:bage
NLB070053_01,27,59/2,5/2,38,41,4,4:bage
NLB070053_01,30,36,12/2,43,49,7,5:edefisg
NLB070053_01,35/2,24,13/2,24,31,8,5:edefisg
NLB070078_01,11,16,5,10,13,4,1:deda
NLB070078_01,45,49,4,39,40,2,3:ed
NLB070079_01,4,8,4,3,5,3,1:ca
NLB070079_01,64,70,6,46,49,4,10:decb
NLB070079_01,70,72,2,50,51,2,11:gg
NLB070079_01,72,80,8,52,56,5,12:abcag2
NLB070079_01,16,20,4,12,14,3,4:ded
NLB070079_01,22,24,2,16,17,2,5:dc
NLB070079_01,32,40,8,23,28,6,7:g-g'fis
NLB070079_01,44,48,4,32,34,3,8:edd
NLB070079_01,56,64,8,41,45,5,9:cdeed
NLB070089_01,12,14,2,16,19,4,1:dbdg
NLB070089_01,0,5/2,5/2,0,3,4,1:dbdg
NLB070089_01,7/2,6,5/2,5,7,3,2:gfisc
NLB070089_01,81/4,23,11/4,29,32,4,3:defisg
NLB070096_01,24,27,3,29,32,4,1:dbdg
NLB070096_01,0,3,3,0,3,4,1:dbdg
NLB070096_01,12,15,3,14,17,4,1:dbdg
NLB070096_01,7/2,6,5/2,5,6,2,2:fise
NLB070096_01,15/2,12,9/2,10,13,4,3:gfised
NLB070096_01,15,18,3,18,21,4,4:bage
NLB070096_01,27,30,3,33,36,4,4:bage
NLB070096_01,18,24,6,22,28,7,5:edefisg
NLB070096_01,30,36,6,37,43,7,5:edefisg
NLB070122_01,2,4,2,3,4,2,1:ca
NLB070122_01,24,27,3,35,38,4,10:decb
NLB070122_01,27,28,1,39,40,2,11:gg
NLB070122_01,28,32,4,41,45,5,12:abcag2
NLB070122_01,4,6,2,5,8,4,2:gbdd
NLB070122_01,8,10,2,11,13,3,4:ded
NLB070122_01,11,12,1,15,16,2,5:dc
NLB070122_01,13,16,3,19,21,3,6:bcd
NLB070122_01,16,79/4,15/4,22,27,6,7:g-g'fis
NLB070122_01,22,24,2,32,34,3,8:edd
NLB070125_01,5,15/2,5/2,8,11,4,1:deda
NLB070125_01,13,31/2,5/2,21,24,4,1:deda
NLB070125_01,28,32,4,48,52,5,4:dacbg
NLB070134_01,0,3/2,3/2,0,2,3,1:dg
NLB070134_01,8,19/2,3/2,10,12,3,1:dg
NLB070134_01,19,24,5,24,30,7,2:bbcdeee
NLB070134_01,28,32,4,37,39,3,3:edb
NLB070137_01,3,6,3,4,9,6,1:eddedd
NLB070137_01,6,21/2,9/2,10,14,5,2:bbddc
NLB070137_01,21/2,15,9/2,15,19,5,2:bbddc
NLB070137_01,15,18,3,20,23,4,3:gbdg
NLB070137_01,21,49/2,7/2,27,33,7,4:eeegfise
NLB070137_01,24,27,3,33,36,4,5:dcb
NLB070141_01,0,3,3,0,3,4,1:dbdg
NLB070141_01,12,29/2,5/2,16,19,4,1:dbdg
NLB070141_01,7/2,6,5/2,5,7,3,2:gfisc
NLB070141_01,19,43/2,5/2,29,32,4,3:defisg
NLB070144_01,0,5/2,5/2,0,2,3,1:dbdg
NLB070144_01,3,11/2,5/2,4,6,3,2:gfisc
NLB070144_01,23/2,14,5/2,15,18,4,1:dbdg
NLB070144_01,37/2,22,7/2,27,30,4,3:defisg
NLB070238_01,55/2,30,5/2,33,34,2,1:ad
NLB070238_01,79/2,42,5/2,46,47,2,1:ad
NLB070238_01,121/2,127/2,3,70,72,3,2:fised
NLB070238_01,65,141/2,11/2,75,77,3,3:bag
NLB070360_01,11,16,5,9,12,4,1:deda
NLB070360_01,51,109/2,7/2,46,48,3,2:gbd
NLB070360_01,35,77/2,7/2,32,34,3,2:gbd
NLB070360_01,55,62,7,50,54,5,4:dacbg
NLB070411_01,0,2,2,0,2,3,1:gbd
NLB070411_01,2,6,4,3,7,5,2:edccb
NLB070411_01,12,18,6,16,24,9,5:abcdefisgg
NLB070463_01,0,5/2,5/2,0,2,3,1:gbd
NLB070463_01,5/2,6,7/2,3,7,5,2:edccb
NLB070463_01,19/2,12,5/2,14,15,2,3:da
NLB070463_01,12,18,6,16,23,8,5:abcdefisgg
NLB070463_01,24,30,6,32,39,8,5:abcdefisgg
NLB070475_01,2,4,2,3,5,3,1:ca
NLB070475_01,32,35,3,46,49,4,10:decb
NLB070475_01,35,36,1,50,51,2,11:gg
NLB070475_01,36,40,4,52,56,5,12:abcag2
NLB070475_01,4,6,2,6,9,4,2:gbdd
NLB070475_01,11,12,1,16,17,2,5:dc
NLB070475_01,13,16,3,20,22,3,6:bcd
NLB070475_01,16,20,4,23,28,6,7:g-g'fis
NLB070475_01,22,24,2,32,34,3,8:edd
NLB070475_01,28,32,4,41,45,5,9:cdeed
NLB070492_01,9,12,3,12,14,3,1:ged
NLB070492_01,1,4,3,2,4,3,1:ged
NLB070492_01,5,8,3,7,9,3,2:afisd
NLB070492_01,11,16,5,14,17,4,3:dcba
NLB070492_01,17,21,4,20,23,4,4:cdee
NLB070492_01,21,24,3,24,26,3,5:dbg
NLB070493_01,0,3/2,3/2,0,1,2,1:dg
NLB070493_01,8,19/2,3/2,9,10,2,1:dg
NLB070493_01,9/2,13/2,2,7,8,2,2:gd
NLB070493_01,25/2,29/2,2,17,18,2,2:gd
NLB070493_01,33/2,37/2,2,21,24,4,3:bbbb
NLB070493_01,41/2,47/2,3,29,33,5,4:ddcba
NLB070521_01,55/2,30,5/2,33,34,2,1:ad
NLB070521_01,79/2,42,5/2,45,47,3,1:ad
NLB070521_01,62,65,3,69,71,3,2:fised
NLB070521_01,133/2,72,11/2,74,76,3,3:bag
NLB070526_01,13,15,2,17,19,3,1:bag
NLB070526_01,19,23,4,25,27,3,2:fis
NLB070526_01,29,32,3,35,37,3,3:gacb
NLB070526_01,37,40,3,46,48,3,4:bag
NLB070532_01,6,17/2,5/2,8,10,3,1:gbd
NLB070532_01,0,5/2,5/2,0,2,3,1:gbd
NLB070532_01,5/2,6,7/2,3,7,5,2:edccb
NLB070532_01,39/4,12,9/4,13,14,2,3:da
NLB070532_01,12,18,6,15,22,8,5:abcdefisgg
NLB070535_01,11,16,5,10,13,4,1:deda
NLB070535_01,53,113/2,7/2,46,48,3,2:gbd
NLB070535_01,69,145/2,7/2,60,62,3,2:gbd
NLB070535_01,44,47,3,39,40,2,3:ed
NLB070535_01,73,79,6,64,68,5,4:dacbg
NLB070535_01,57,63,6,50,54,5,4:dacbg
NLB070606_01,2,4,2,3,4,2,1:ca
NLB070606_01,32,35,3,44,47,4,10:decb
NLB070606_01,35,36,1,48,49,2,11:gg
NLB070606_01,36,40,4,50,54,5,12:abcag2
NLB070606_01,4,6,2,5,8,4,2:gbdd
NLB070606_01,10,12,2,14,16,3,5:dc
NLB070606_01,16,20,4,22,26,5,7:g-g'fis
NLB070606_01,22,24,2,31,32,2,8:edd
NLB070606_01,28,32,4,39,43,5,9:cdeed
NLB070693_01,21/2,29/2,4,11,14,4,1:deda
NLB070693_01,53/2,61/2,4,27,30,4,1:deda
NLB070693_01,105/2,56,7/2,50,52,3,2:gbd
NLB070693_01,44,95/2,7/2,43,44,2,3:ed
NLB070693_01,113/2,127/2,7,54,58,5,4:dacbg
NLB070732_01,2,6,4,3,7,5,1:defisg
NLB070732_01,14,18,4,17,21,5,1:defisg
NLB070732_01,10,12,2,12,13,2,2:ba
NLB070732_01,22,24,2,27,28,2,2:ba
NLB070732_01,24,32,8,29,34,6,3:deedee
NLB070740_01,12,15,3,16,19,4,1:dbdg
NLB070740_01,21,24,3,28,31,4,3:defisg
NLB070748_01,24,53/2,5/2,32,36,5,1:dbdg
NLB070748_01,0,3,3,0,4,5,1:dbdg
NLB070748_01,12,29/2,5/2,14,18,5,1:dbdg
NLB070748_01,7/2,11/2,2,6,7,2,2:fise
NLB070748_01,8,23/2,7/2,11,13,3,3:gfised
NLB070748_01,15,18,3,20,24,5,4:bage
NLB070748_01,27,30,3,38,42,5,4:bage
NLB070748_01,18,47/2,11/2,25,31,7,5:edefisg
NLB070748_01,30,71/2,11/2,43,49,7,5:edefisg
NLB070801_01,5/2,5,5/2,4,7,4,1:gfed
NLB070801_01,23/2,14,5/2,18,21,4,1:gfed
NLB070801_01,7,9,2,11,14,4,2:aaaa
NLB070801_01,16,18,2,25,28,4,2:aaaa
NLB070801_01,53/2,59/2,3,44,47,4,1:gfed
NLB070839_01,0,2,2,0,2,3,1:gbd
NLB070839_01,2,6,4,3,7,5,2:edccb
NLB070839_01,12,18,6,16,24,9,5:abcdefisgg
NLB070996_01,1,4,3,1,4,4,"1:b,a,g,fis"
NLB070996_01,13,16,3,13,16,4,"1:b,a,g,fis"
NLB070996_01,9,12,3,10,11,2,"2:a,d"
NLB070996_01,21,24,3,22,23,2,"2:a,d"
NLB070996_01,26,28,2,27,30,4,4:bbbb
NLB070996_01,41,43,2,47,50,4,4:bbbb
NLB070996_01,31,34,3,35,37,3,5:bdb
NLB070996_01,46,49,3,55,57,3,5:bdb
NLB070996_01,34,39,5,38,43,6,6:accbag
NLB070996_01,49,54,5,58,63,6,6:accbag
NLB070996_01,24,26,2,24,26,3,3:ddg
NLB071014_01,0,3,3,0,3,4,1:dbdg
NLB071014_01,12,29/2,5/2,13,17,5,1:dbdg
NLB071014_01,24,53/2,5/2,31,35,5,1:dbdg
NLB071014_01,7/2,6,5/2,5,6,2,2:fise
NLB071014_01,8,12,4,10,12,3,3:gfised
NLB071014_01,15,35/2,5/2,19,22,4,4:bage
NLB071014_01,27,59/2,5/2,37,40,4,4:bage
NLB071014_01,18,24,6,24,30,7,5:edefisg
NLB071014_01,30,36,6,42,48,7,5:edefisg
NLB071016_01,79/2,42,5/2,49,51,3,1:ad
NLB071016_01,55/2,30,5/2,34,36,3,1:ad
NLB071016_01,121/2,127/2,3,73,76,4,2:fised
NLB071016_01,65,141/2,11/2,79,82,4,3:bag
NLB071064_01,12,15,3,15,19,5,1:dbdg
NLB071064_01,0,3,3,0,4,5,1:dbdg
NLB071064_01,7/2,6,5/2,6,7,2,2:fise
NLB071064_01,15/2,12,9/2,11,14,4,3:gfised
NLB071064_01,31/2,18,5/2,21,23,3,4:bage
NLB071064_01,18,24,6,24,30,7,5:edefisg
NLB071082_01,0,3,3,0,3,4,1:dbdg
NLB071082_01,24,53/2,5/2,31,34,4,1:dbdg
NLB071082_01,12,29/2,5/2,14,17,4,1:dbdg
NLB071082_01,7/2,6,5/2,5,6,2,2:fise
NLB071082_01,8,12,4,11,13,3,3:gfised
NLB071082_01,15,35/2,5/2,19,22,4,4:bage
NLB071082_01,27,59/2,5/2,36,39,4,4:bage
NLB071082_01,30,36,6,41,47,7,5:edefisg
NLB071082_01,18,24,6,24,30,7,5:edefisg
NLB071227_01,11,16,5,9,12,4,1:deda
NLB071227_01,53,113/2,7/2,44,46,3,2:gbd
NLB071227_01,69,145/2,7/2,58,60,3,2:gbd
NLB071227_01,44,48,4,37,38,2,3:ed
NLB071227_01,73,80,7,62,66,5,4:dacbg
NLB071227_01,57,64,7,48,52,5,4:dacbg
NLB071237_01,0,5/2,5/2,0,2,3,1:gbd
NLB071237_01,6,35/4,11/4,8,10,3,1:gbd
NLB071237_01,5/2,6,7/2,3,7,5,2:edccb
NLB071237_01,39/4,12,9/4,13,14,2,3:da
NLB071237_01,12,18,6,15,22,8,5:abcdefisgg
NLB071369_01,1,6,5,1,4,4,1:defisg
NLB071369_01,13,18,5,13,16,4,1:defisg
NLB071369_01,10,12,2,10,11,2,2:ba
NLB071369_01,22,24,2,22,23,2,2:ba
NLB071369_01,24,32,8,24,29,6,3:deedee
NLB071441_01,29,32,3,46,48,3,1:bag
NLB071441_01,5,8,3,9,11,3,1:bag
NLB071441_01,16,18,2,25,27,3,2:dg
NLB071441_01,25,29,4,38,45,8,3:cbcdefisgc
NLB071478_01,7/2,6,5/2,5,7,3,1:eddedd
NLB071478_01,12,17,5,14,19,6,2:bbddc
NLB071478_01,6,11,5,8,13,6,2:bbddc
NLB071478_01,18,43/2,7/2,20,24,5,3:gbdg
NLB071478_01,49/2,55/2,3,29,34,6,4:eeegfise
NLB071478_01,55/2,30,5/2,35,37,3,5:dcb
NLB071666_01,5,8,3,8,11,4,1:bag
NLB071666_01,16,37/2,5/2,22,23,2,2:dg
NLB071669_01,5,8,3,8,10,3,1:aba
NLB071669_01,18,21,3,22,27,6,2:eedcba
NLB071669_01,21,24,3,28,30,3,3:gbd
NLB071944_01,7/2,13/2,3,5,7,3,2:afisd
NLB071944_01,19/2,25/2,3,11,13,3,3:dcba
NLB071944_01,32,35,3,38,40,3,5:dbg
NLB071944_01,17,20,3,21,23,3,5:dbg
NLB071957_03,21/2,12,3/2,23,25,3,5:bdb
NLB071957_03,12,29/2,5/2,26,29,4,6:accbag
NLB071958_01,12,15,3,17,20,4,1:dbdg
NLB071958_01,0,3,3,0,3,4,1:dbdg
NLB071958_01,4,13/2,5/2,5,7,3,2:gfisc
NLB071958_01,41/2,24,7/2,30,33,4,3:defisg
NLB071974_02,35,37,2,44,47,4,2:eedcba
NLB071974_02,19,21,2,23,26,4,2:eedcba
NLB071974_02,37,40,3,48,50,3,3:gbd
NLB071974_02,21,24,3,27,29,3,3:gbd
NLB072003_01,16,35/2,3/2,27,28,2,1:dg
NLB072003_01,41/2,45/2,2,35,36,2,2:gd
NLB072003_01,1/2,5/2,2,1,4,4,3:bbbb
NLB072003_01,9/2,15/2,3,9,13,5,4:ddcba
NLB072003_01,24,51/2,3/2,37,38,2,1:dg
NLB072015_01,0,2,2,0,1,2,1:dg
NLB072015_01,5,7,2,6,7,2,2:gd
NLB072015_01,17,19,2,18,21,4,3:bbbb
NLB072015_01,21,24,3,25,29,5,4:ddcba
NLB072085_01,3/2,13/4,7/4,3,4,2,1:ed
NLB072085_01,15/2,9,3/2,15,17,3,2:cba
NLB072085_01,21/2,25/2,2,21,22,2,1:ed
NLB072085_01,33/2,18,3/2,32,34,3,2:cba
NLB072085_01,21,22,1,41,42,2,3:dg
NLB072085_01,25,26,1,49,50,2,3:dg
NLB072085_01,67/2,73/2,3,63,66,4,4:abcisd
NLB072103_01,7/2,8,9/2,5,10,6,1
NLB072103_01,37/2,23,9/2,28,33,6,1
NLB072103_01,67/2,38,9/2,51,56,6,1
NLB072154_01,1/2,7/2,3,1,4,4,1:gfed
NLB072154_01,9/2,6,3/2,7,10,4,2:aaaa
NLB072154_01,21/2,27/2,3,22,25,4,1:gfed
NLB072237_01,11,16,5,11,14,4,1:deda
NLB072237_01,53,113/2,7/2,46,48,3,2:gbd
NLB072237_01,44,48,4,39,40,2,3:ed
NLB072237_01,57,64,7,50,54,5,4:dacbg
NLB072248_01,0,4,4,0,5,6,1:ddabcd
NLB072248_01,22,24,2,33,35,3,3:bag
NLB072250_01,0,7/2,7/2,0,4,5,1:ddabcd
NLB072250_01,37/2,43/2,3,25,26,2,2:ad
NLB072250_01,45/2,51/2,3,28,30,3,3:bag
NLB072253_01,0,7/2,7/2,0,4,5,1:ddabcd
NLB072253_01,41/2,47/2,3,26,28,3,2:ad
NLB072253_01,21/2,27/2,3,14,16,3,2:ad
NLB072254_01,12,45/2,21/2,24,37,14,2
NLB072255_01,12,24,12,21,32,12,2
NLB072256_01,0,4,4,0,5,6,1:ddabcd
NLB072256_01,19,22,3,24,25,2,2:ad
NLB072256_01,24,26,2,28,30,3,3:bag
NLB072257_01,12,24,12,22,34,13,2
NLB072283_01,11,29/2,7/2,15,20,6,1
NLB072283_01,49/2,29,9/2,38,43,6,1
NLB072283_01,7/2,8,9/2,5,10,6,1
NLB072284_01,25/2,17,9/2,18,23,6,1
NLB072284_01,55/2,32,9/2,40,45,6,1
NLB072284_01,7/2,8,9/2,6,11,6,1
NLB072285_01,7/2,8,9/2,7,11,5,1
NLB072285_01,37/2,23,9/2,28,34,7,1
NLB072286_01,55/2,32,9/2,44,49,6,1
NLB072286_01,7/2,8,9/2,7,12,6,1
NLB072286_01,25/2,17,9/2,20,25,6,1
NLB072287_01,7/2,9,11/2,5,10,6,1
NLB072287_01,25/2,18,11/2,16,21,6,1
NLB072288_01,25/2,17,9/2,18,23,6,1
NLB072288_01,55/2,33,11/2,40,45,6,1
NLB072288_01,7/2,8,9/2,6,11,6,1
NLB072289_01,7/2,8,9/2,5,9,5,1
NLB072289_01,37/2,23,9/2,27,32,6,1
NLB072289_01,67/2,38,9/2,50,55,6,1
NLB072299_01,45,48,3,59,61,3,1:bag
NLB072299_01,5,8,3,6,8,3,1:bag
NLB072299_01,16,18,2,20,21,2,2:dg
NLB072299_01,32,34,2,41,42,2,2:dg
NLB072299_01,25,29,4,30,37,8,3:cbcdefisgc
NLB072299_01,41,45,4,51,58,8,3:cbcdefisgc
NLB072306_01,61/2,69/2,4,40,42,3,1:bag
NLB072306_01,9/2,15/2,3,7,9,3,1:bag
NLB072306_01,97/2,52,7/2,63,65,3,1:bag
NLB072306_01,33/2,19,5/2,20,22,3,2:dg
NLB072306_01,69/2,37,5/2,43,45,3,2:dg
NLB072306_01,53/2,61/2,4,32,39,8,3:cbcdefisgc
NLB072306_01,89/2,97/2,4,55,62,8,3:cbcdefisgc
NLB072311_01,57/2,32,7/2,39,41,3,1:bag
NLB072311_01,89/2,95/2,3,60,62,3,1:bag
NLB072311_01,9/2,15/2,3,7,9,3,1:bag
NLB072311_01,49/2,57/2,4,31,38,8,3:cbcdefisgc
NLB072311_01,81/2,89/2,4,52,59,8,3:cbcdefisgc
NLB072355_01,0,5/2,5/2,0,1,2,1:dc
NLB072355_01,7,9,2,6,7,2,2:ba
NLB072355_01,19,24,5,20,22,3,3:bag
NLB072355_02,0,5/2,5/2,0,1,2,1:dc
NLB072355_02,10,25/2,5/2,9,10,2,1:dc
NLB072355_02,7,9,2,7,8,2,2:ba
NLB072355_02,17,19,2,16,17,2,2:ba
NLB072355_02,29,34,5,29,31,3,3:bag
NLB072355_12,0,5/2,5/2,0,1,2,1:dc
NLB072355_12,10,25/2,5/2,10,11,2,1:dc
NLB072355_12,7,9,2,8,9,2,2:ba
NLB072355_12,17,19,2,18,19,2,2:ba
NLB072355_12,29,34,5,32,35,4,3:bag
NLB072356_02,0,5/2,5/2,0,1,2,1:dc
NLB072356_02,10,25/2,5/2,10,11,2,1:dc
NLB072356_02,7,9,2,8,9,2,2:ba
NLB072356_02,17,19,2,18,19,2,2:ba
NLB072356_02,30,33,3,35,37,3,3:bag
NLB072357_01,0,5/2,5/2,0,1,2,1:dc
NLB072357_01,10,25/2,5/2,10,11,2,1:dc
NLB072357_01,7,9,2,8,9,2,2:ba
NLB072357_01,17,19,2,18,19,2,2:ba
NLB072357_01,28,33,5,33,35,3,3:bag
NLB072358_01,0,5/2,5/2,0,1,2,1:dc
NLB072358_01,10,25/2,5/2,9,11,3,1:dc
NLB072358_01,7,9,2,7,8,2,2:ba
NLB072358_01,17,19,2,17,18,2,2:ba
NLB072358_01,29,35,6,33,36,4,3:bag
NLB072359_01,6,8,2,6,7,2,2:ba
NLB072359_01,17,24,7,20,22,3,3:bag
NLB072360_01,0,5/2,5/2,0,1,2,1:dc
NLB072360_01,10,25/2,5/2,10,11,2,1:dc
NLB072360_01,7,9,2,8,9,2,2:ba
NLB072360_01,17,19,2,18,19,2,2:ba
NLB072360_01,30,33,3,33,35,3,3:bag
NLB072378_01,12,21,9,23,33,11,2
NLB072441_01,32,35,3,44,47,4,10:decb
NLB072441_01,35,36,1,48,49,2,11:gg
NLB072441_01,36,40,4,50,54,5,12:abcag2
NLB072441_01,10,12,2,14,15,2,5:dc
NLB072441_01,16,20,4,21,26,6,7:g-g'fis
NLB072441_01,22,24,2,31,32,2,8:edd
NLB072441_01,28,32,4,39,43,5,9:cdeed
NLB072450_01,13,31/2,5/2,16,18,3,1:bag
NLB072450_01,19,23,4,24,26,3,2:fis
NLB072450_01,29,32,3,34,36,3,3:gacb
NLB072450_01,37,40,3,44,46,3,4:bag
NLB072457_01,0,3,3,0,1,2,1:dc
NLB072457_01,10,13,3,11,12,2,1:dc
NLB072457_01,7,9,2,9,10,2,2:ba
NLB072457_01,17,19,2,20,21,2,2:ba
NLB072457_01,30,33,3,37,39,3,3:bag
NLB072482_01,6,13,7,6,11,6,1:eddedd
NLB072482_01,16,23,7,15,19,5,2:dedcb
NLB072482_01,23,33,10,20,27,8,3:defisggaab
NLB072497_01,55/2,30,5/2,33,34,2,1:ad
NLB072497_01,79/2,42,5/2,47,48,2,1:ad
NLB072497_01,65,68,3,69,71,3,2:fised
NLB072497_01,139/2,75,11/2,74,76,3,3:bag
NLB072499_01,1,6,5,1,4,4,1:defisg
NLB072499_01,14,19,5,12,15,4,1:defisg
NLB072499_01,26,34,8,23,28,6,3:deedee
NLB072500_01,11,15,4,10,13,4,1:deda
NLB072500_01,53,113/2,7/2,46,48,3,2:gbd
NLB072500_01,69,145/2,7/2,60,62,3,2:gbd
NLB072500_01,44,47,3,39,40,2,3:ed
NLB072500_01,73,79,6,64,68,5,4:dacbg
NLB072505_01,6,13,7,7,12,6,1:eddedd
NLB072505_01,16,23,7,17,21,5,2:dedcb
NLB072505_01,23,33,10,22,30,9,3:defisggaab
NLB072553_01,1,4,3,1,4,4,"1:b,a,g,fis"
NLB072553_01,14,16,2,15,18,4,4:bbbb
NLB072553_01,19,22,3,24,26,3,5:bdb
NLB072559_01,2,4,2,2,5,4,"1:b,a,g,fis"
NLB072559_01,19/2,11,3/2,12,13,2,"2:a,d"
NLB072559_01,12,14,2,14,16,3,3:ddg
NLB072559_01,27,29,2,38,40,3,3:ddg
NLB072559_01,14,16,2,17,20,4,4:bbbb
NLB072559_01,29,31,2,41,44,4,4:bbbb
NLB072559_01,19,21,2,26,29,4,5:bdb
NLB072559_01,34,36,2,50,53,4,5:bdb
NLB072559_01,22,26,4,32,37,6,6:accbag
NLB072559_01,37,41,4,56,61,6,6:accbag
NLB072565_01,2,5,3,2,4,3,1:ged
NLB072565_01,12,15,3,10,12,3,1:ged
NLB072565_01,6,9,3,6,7,2,2:afisd
NLB072565_01,14,17,3,12,14,3,3:dcba
NLB072565_01,20,24,4,17,20,4,4:cdee
NLB072567_01,3,6,3,5,10,6,1:eddedd
NLB072567_01,15/2,12,9/2,14,19,6,2:dedcb
NLB072567_01,12,35/2,11/2,20,27,8,3:defisggaab
NLB072585_01,8,19/2,3/2,12,14,3,1:dg
NLB072585_01,0,3/2,3/2,0,2,3,1:dg
NLB072585_01,19,47/2,9/2,30,36,7,2:bbcdeee
NLB072585_01,55/2,31,7/2,44,47,4,3:edb
NLB072587_01,0,12,12,0,8,9,1:8884.8884.
NLB072587_01,12,24,12,9,18,10,1:8884.8884.
NLB072587_01,33,36,3,30,31,2,3:bag
NLB072587_01,39,42,3,36,37,2,4:ag
NLB072587_02,0,12,12,0,8,9,1:8884.8884.
NLB072587_02,12,24,12,9,18,10,1:8884.8884.
NLB072587_02,33,36,3,29,30,2,3:bag
NLB072587_02,39,41,2,35,36,2,4:ag
NLB072614_01,5,8,3,9,11,3,1:aba
NLB072614_01,19,21,2,26,29,4,2:eedcba
NLB072614_01,21,24,3,30,32,3,3:gbd
NLB072624_01,0,3/2,3/2,0,1,2,1:dg 
NLB072624_01,36,75/2,3/2,45,46,2,1:dg 
NLB072624_01,18,23,5,20,25,6,2:dfisfisfis4
NLB072624_01,54,117/2,9/2,63,68,6,2:dfisfisfis4
NLB072624_01,26,55/2,3/2,29,31,3,3:gfise
NLB072627_01,16,35/2,3/2,28,29,2,1:dg
NLB072627_01,41/2,45/2,2,36,37,2,2:gd
NLB072627_01,1/2,5/2,2,1,4,4,3:bbbb
NLB072627_01,24,51/2,3/2,38,39,2,1:dg
NLB072627_01,65/2,69/2,2,48,51,4,3:bbbb
NLB072627_01,73/2,79/2,3,56,60,5,4:ddcba
NLB072627_01,9/2,15/2,3,9,14,6,4:ddcba
NLB072647_01,5,8,3,8,10,3,1:aba
NLB072647_01,19,21,2,25,28,4,2:eedcba
NLB072647_01,35,37,2,46,49,4,2:eedcba
NLB072647_01,37,40,3,50,52,3,3:gbd
NLB072647_01,21,24,3,29,31,3,3:gbd
NLB072664_01,7,13,6,7,12,6,1:eddedd
NLB072664_01,16,25,9,16,22,7,2:dedcb
NLB072664_01,25,36,11,23,32,10,3:defisggaab
NLB072665_01,1,4,3,2,4,3,1:ged
NLB072665_01,9,12,3,13,16,4,1:ged
NLB072665_01,5,8,3,7,10,4,2:afisd
NLB072665_01,11,15,4,16,19,4,3:dcba
NLB072665_01,17,21,4,22,25,4,4:cdee
NLB072688_01,2,5,3,1,3,3,1:ged
NLB072688_01,14,17,3,10,12,3,1:ged
NLB072688_01,6,10,4,6,8,3,2:afisd
NLB072688_01,16,20,4,12,15,4,3:dcba
NLB072688_01,22,26,4,19,22,4,4:cdee
NLB072688_01,26,29,3,23,25,3,5:dbg
NLB072690_01,0,3/2,3/2,0,1,2,1:dg
NLB072690_01,8,19/2,3/2,9,10,2,1:dg
NLB072690_01,9/2,13/2,2,5,6,2,2:gd
NLB072690_01,25/2,29/2,2,14,15,2,2:gd
NLB072690_01,33/2,37/2,2,17,20,4,3:bbbb
NLB072690_01,41/2,24,7/2,23,27,5,4:ddcba
NLB072691_01,12,15,3,10,12,3,1:ged
NLB072691_01,2,5,3,1,3,3,1:ged
NLB072691_01,6,10,4,6,8,3,2:afisd
NLB072691_01,14,18,4,12,15,4,3:dcba
NLB072691_01,20,24,4,19,22,4,4:cdee
NLB072691_01,24,27,3,23,25,3,5:dbg
NLB072708_01,0,2,2,0,1,2,1:dg
NLB072708_01,17/2,10,3/2,9,10,2,1:dg
NLB072708_01,5,7,2,7,8,2,2:gd
NLB072708_01,13,15,2,17,18,2,2:gd
NLB072708_01,17,19,2,20,23,4,3:bbbb
NLB072708_01,21,49/2,7/2,27,31,5,4:ddcba
NLB072714_01,2,5,3,1,3,3,1:ged
NLB072714_01,14,17,3,10,12,3,1:ged
NLB072714_01,6,10,4,6,8,3,2:afisd
NLB072714_01,16,20,4,12,15,4,3:dcba
NLB072714_01,22,26,4,19,22,4,4:cdee
NLB072714_01,26,29,3,23,25,3,5:dbg
NLB072721_01,3,6,3,5,10,6,1:eddedd
NLB072721_01,6,21/2,9/2,11,15,5,2:bbddc
NLB072721_01,21/2,15,9/2,16,20,5,2:bbddc
NLB072721_01,15,18,3,21,24,4,3:gbdg
NLB072721_01,21,24,3,28,33,6,4:eeegfise
NLB072721_01,24,27,3,34,36,3,5:dcb
NLB072754_01,3,6,3,6,11,6,1:eddedd
NLB072754_01,12,35/2,11/2,21,28,8,3:defisggaab
NLB072774_02,0,12,12,0,8,9,1:8884.8884.
NLB072774_02,12,47/2,23/2,9,16,8,1:8884.8884.
NLB072774_02,41,45,4,35,36,2,4:ag
NLB072813_01,2,4,2,2,5,4,"1:b,a,g,fis"
NLB072813_01,14,16,2,17,20,4,"1:b,a,g,fis"
NLB072813_01,24,26,2,29,31,3,3:ddg
NLB072813_01,39,41,2,50,52,3,3:ddg
NLB072813_01,26,28,2,32,35,4,4:bbbb
NLB072813_01,41,43,2,53,56,4,4:bbbb
NLB072813_01,31,34,3,41,44,4,5:bdb
NLB072813_01,46,49,3,62,65,4,5:bdb
NLB072813_01,34,39,5,45,49,5,6:accbag
NLB072813_01,49,54,5,66,70,5,6:accbag
NLB072823_01,0,3/2,3/2,0,1,2,1:dg
NLB072823_01,15/2,19/2,2,9,11,3,1:dg
NLB072823_01,37/2,47/2,5,24,30,7,2:bbcdeee
NLB072823_01,55/2,61/2,3,38,40,3,3:edb
NLB072837_01,2,4,2,2,5,4,"1:b,a,g,fis"
NLB072837_01,14,16,2,16,19,4,"1:b,a,g,fis"
NLB072837_01,9,11,2,11,12,2,"2:a,d"
NLB072837_01,21,24,3,25,26,2,"2:a,d"
NLB072837_01,24,26,2,27,29,3,3:ddg
NLB072837_01,39,41,2,47,49,3,3:ddg
NLB072837_01,26,28,2,30,33,4,4:bbbb
NLB072837_01,41,43,2,50,53,4,4:bbbb
NLB072837_01,31,34,3,39,41,3,5:bdb
NLB072837_01,46,49,3,59,61,3,5:bdb
NLB072837_01,34,39,5,42,46,5,6:accbag
NLB072837_01,49,54,5,62,66,5,6:accbag
NLB072851_01,38,43,5,40,43,4,6:accbag
NLB072851_02,36,41,5,41,44,4,6:accbag
NLB072862_01,1,4,3,1,4,4,"1:b,a,g,fis"
NLB072862_01,13,16,3,13,16,4,"1:b,a,g,fis"
NLB072862_01,9,12,3,10,11,2,"2:a,d"
NLB072862_01,21,24,3,22,23,2,"2:a,d"
NLB072862_01,24,26,2,24,26,3,3:ddg
NLB072862_01,39,41,2,43,45,3,3:ddg
NLB072862_01,26,28,2,27,30,4,4:bbbb
NLB072862_01,41,43,2,46,49,4,4:bbbb
NLB072862_01,31,34,3,34,36,3,5:bdb
NLB072862_01,46,49,3,53,55,3,5:bdb
NLB072862_01,34,39,5,37,42,6,6:accbag
NLB072862_01,49,54,5,56,61,6,6:accbag
NLB072871_01,13,31/2,5/2,18,20,3,1:bag
NLB072871_01,19,23,4,26,28,3,2:fis
NLB072871_01,27,31,4,36,38,3,3:gacb
NLB072871_01,35,40,5,46,48,3,4:bag
NLB072881_01,5,8,3,8,10,3,1:aba
NLB072881_01,19,21,2,23,26,4,2:eedcba
NLB072881_01,21,24,3,27,29,3,3:gbd
NLB072883_01,5/2,4,3/2,2,4,3,"1:b,a,g,fis"
NLB072883_01,29/2,16,3/2,16,18,3,"1:b,a,g,fis"
NLB072883_01,24,26,2,27,29,3,3:ddg
NLB072883_01,39,41,2,47,49,3,3:ddg
NLB072883_01,26,28,2,30,33,4,4:bbbb
NLB072883_01,41,43,2,50,53,4,4:bbbb
NLB072883_01,31,33,2,38,40,3,5:bdb
NLB072883_01,46,48,2,58,60,3,5:bdb
NLB072883_01,34,39,5,43,46,4,6:accbag
NLB072883_01,49,54,5,63,66,4,6:accbag
NLB072886_01,44,47,3,60,62,3,1:bag
NLB072886_01,5,17/2,7/2,6,8,3,1:bag
NLB072886_01,15,17,2,21,22,2,2:dg
NLB072886_01,31,33,2,42,43,2,2:dg
NLB072886_01,24,28,4,31,38,8,3:cbcdefisgc
NLB072886_01,40,44,4,52,59,8,3:cbcdefisgc
NLB072886_02,47,50,3,59,61,3,1:bag
NLB072886_02,5,17/2,7/2,6,8,3,1:bag
NLB072886_02,18,20,2,20,21,2,2:dg
NLB072886_02,34,36,2,41,42,2,2:dg
NLB072886_02,27,31,4,30,37,8,3:cbcdefisgc
NLB072886_02,43,47,4,51,58,8,3:cbcdefisgc
NLB072895_01,1,4,3,1,4,4,"1:b,a,g,fis"
NLB072895_01,13,16,3,13,16,4,"1:b,a,g,fis"
NLB072895_01,9,12,3,10,11,2,"2:a,d"
NLB072895_01,21,24,3,22,23,2,"2:a,d"
NLB072895_01,24,26,2,24,26,3,3:ddg
NLB072895_01,39,41,2,44,46,3,3:ddg
NLB072895_01,26,28,2,27,30,4,4:bbbb
NLB072895_01,41,43,2,47,50,4,4:bbbb
NLB072895_01,31,34,3,35,37,3,5:bdb
NLB072895_01,46,49,3,55,57,3,5:bdb
NLB072895_01,34,39,5,38,43,6,6:accbag
NLB072895_01,49,54,5,58,63,6,6:accbag
NLB072897_01,0,5/2,5/2,0,2,3,1:gbd
NLB072897_01,6,17/2,5/2,8,10,3,1:gbd
NLB072897_01,5/2,6,7/2,3,7,5,2:edccb
NLB072897_01,39/4,12,9/4,13,14,2,3:da
NLB072897_01,12,18,6,15,22,8,5:abcdefisgg
NLB072898_01,2,5,3,2,5,4,"1:b,a,g,fis"
NLB072898_01,11,13,2,10,11,2,3:ddg
NLB072898_01,26,28,2,28,30,3,3:ddg
NLB072898_01,13,15,2,12,15,4,4:bbbb
NLB072898_01,28,30,2,31,34,4,4:bbbb
NLB072898_01,21,26,5,23,27,5,6:accbag
NLB072898_01,36,41,5,42,46,5,6:accbag
NLB072898_02,9,12,3,11,12,2,"2:a,d"
NLB072898_02,12,14,2,13,14,2,3:ddg
NLB072898_02,27,29,2,30,31,2,3:ddg
NLB072898_02,14,16,2,15,17,3,4:bbbb
NLB072898_02,22,27,5,25,29,5,6:accbag
NLB072912_01,2,5,3,2,5,4,1:gfed
NLB072912_01,11,14,3,15,18,4,1:gfed
NLB072912_01,13/2,17/2,2,8,11,4,2:aaaa
NLB072912_01,31/2,71/4,9/4,21,24,4,2:aaaa
NLB072912_01,26,29,3,40,43,4,1:gfed
NLB072920_01,1/2,5,9/2,1,4,4,1:gfed
NLB072920_01,31/2,20,9/2,24,27,4,1:gfed
NLB072920_01,13/2,17/2,2,7,10,4,2:aaaa
NLB072946_01,2,5,3,2,5,4,1:gfed
NLB072946_01,17,20,3,25,28,4,1:gfed
NLB072946_01,13/2,17/2,2,8,10,3,2:aaaa
NLB072967_01,4,8,4,3,5,3,1:ca
NLB072967_01,64,69,5,47,50,4,10:decb
NLB072967_01,70,72,2,52,53,2,11:gg
NLB072967_01,72,80,8,54,58,5,12:abcag2
NLB072967_01,8,12,4,6,9,4,2:gbdd
NLB072967_01,16,20,4,12,15,4,4:ded
NLB072967_01,20,24,4,16,17,2,5:dc
NLB072967_01,32,79/2,15/2,23,28,6,7:g-g'fis
NLB072967_01,44,48,4,34,35,2,8:edd
NLB072967_01,56,64,8,42,46,5,9:cdeed
NLB072968_01,0,3/2,3/2,0,1,2,1:dg 
NLB072968_01,36,75/2,3/2,45,46,2,1:dg 
NLB072968_01,18,24,6,18,23,6,2:dfisfisfis4
NLB072968_01,54,60,6,65,70,6,2:dfisfisfis4
NLB072968_01,26,55/2,3/2,28,29,2,3:gfise
NLB073031_01,2,15/4,7/4,3,4,2,1:ca
NLB073031_01,35,36,1,51,52,2,11:gg
NLB073031_01,36,40,4,53,57,5,12:abcag2
NLB073031_01,4,6,2,6,9,4,2:gbdd
NLB073031_01,8,10,2,12,14,3,4:ded
NLB073031_01,11,12,1,17,18,2,5:dc
NLB073031_01,13,16,3,21,23,3,6:bcd
NLB073031_01,16,20,4,24,28,5,7:g-g'fis
NLB073031_01,22,24,2,33,35,3,8:edd
NLB073031_01,28,32,4,42,46,5,9:cdeed
NLB073046_01,0,12,12,0,7,8,1:8884.8884.
NLB073046_01,12,23,11,8,16,9,1:8884.8884.
NLB073046_01,32,35,3,28,29,2,3:bag
NLB073046_01,38,41,3,35,37,3,4:ag
NLB073046_01,44,47,3,41,42,2,5:gd
NLB073076_01,2,4,2,2,5,4,"1:b,a,g,fis"
NLB073076_01,9,12,3,11,12,2,"2:a,d"
NLB073076_01,12,27/2,3/2,13,14,2,3:ddg
NLB073076_01,14,16,2,16,19,4,4:bbbb
NLB073076_01,19,22,3,23,25,3,5:bdb
NLB073076_01,22,27,5,26,31,6,6:accbag
NLB073120_01,12,31/2,7/2,8,11,4,2:defg
NLB073120_01,17,20,3,15,16,2,3:fed
NLB073120_01,20,22,2,17,18,2,4:dg
NLB073120_01,24,26,2,22,23,2,5:be
NLB073120_01,31,69/2,7/2,28,32,5,6:dbgd
NLB073146_01,2,4,2,3,5,3,1:ca
NLB073146_01,24,27,3,37,40,4,10:decb
NLB073146_01,27,28,1,41,42,2,11:gg
NLB073146_01,28,32,4,43,47,5,12:abcag2
NLB073146_01,8,10,2,13,15,3,4:ded
NLB073146_01,11,12,1,17,18,2,5:dc
NLB073146_01,13,15,2,21,23,3,6:bcd
NLB073146_01,16,20,4,24,30,7,7:g-g'fis
NLB073150_01,5,8,3,7,10,4,1:bag
NLB073150_01,18,41/2,5/2,25,26,2,2:dg
NLB073150_01,31,34,3,42,44,3,1:bag
NLB073210_01,1,13/2,11/2,1,4,4,1:defisg
NLB073210_01,16,21,5,13,16,4,1:defisg
NLB073210_01,10,15,5,9,10,2,2:ba
NLB073210_01,30,73/2,13/2,24,29,6,3:deedee
NLB073225_01,24,30,6,14,18,5,1:dbdg
NLB073225_01,0,6,6,0,4,5,1:dbdg
NLB073225_01,7,12,5,6,7,2,2:fise
NLB073225_01,15,24,9,10,13,4,3:gfised
NLB073225_01,31,36,5,20,22,3,4:bage
NLB073225_01,36,48,12,23,29,7,5:edefisg
NLB073225_02,24,29,5,14,18,5,1:dbdg
NLB073225_02,0,6,6,0,4,5,1:dbdg
NLB073225_02,7,12,5,6,7,2,2:fise
NLB073225_02,15,24,9,10,13,4,3:gfised
NLB073225_02,30,35,5,20,23,4,4:bage
NLB073225_02,36,48,12,25,31,7,5:edefisg
NLB073269_02,3,9,6,3,6,4,1:gbed
NLB073269_02,9,14,5,7,10,4,2:defg
NLB073269_02,14,20,6,11,13,3,3:fed
NLB073269_02,20,23,3,14,15,2,4:dg
NLB073269_02,43,46,3,32,33,2,4:dg
NLB073269_02,23,25,2,16,17,2,5:be
NLB073269_02,46,48,2,34,35,2,5:be
NLB073269_02,32,37,5,25,28,4,6:dbgd
NLB073269_02,55,60,5,43,46,4,6:dbgd
NLB073277_01,31/2,18,5/2,22,23,2,2:fise
NLB073277_01,55/2,30,5/2,38,39,2,2:fise
NLB073277_01,20,24,4,28,30,3,3:gfised
NLB073277_01,8,12,4,12,14,3,3:gfised
NLB073286_01,2,5,3,2,4,3,1:ged
NLB073286_01,14,17,3,12,14,3,1:ged
NLB073286_01,6,9,3,7,9,3,2:afisd
NLB073286_01,16,20,4,14,17,4,3:dcba
NLB073286_01,40,44,4,36,39,4,4:cdee
NLB073286_01,22,26,4,20,23,4,4:cdee
NLB073286_01,44,47,3,40,42,3,5:dbg
NLB073286_01,26,29,3,24,26,3,5:dbg
NLB073287_01,0,2,2,0,1,2,1:dg
NLB073287_01,17,19,2,21,24,4,3:bbbb
NLB073287_01,33,35,2,48,51,4,3:bbbb
NLB073287_01,21,24,3,29,33,5,4:ddcba
NLB073287_01,37,40,3,56,60,5,4:ddcba
NLB073287_02,1/2,2,3/2,1,2,2,1:dg
NLB073287_02,17,19,2,19,22,4,3:bbbb
NLB073287_02,33,35,2,46,49,4,3:bbbb
NLB073287_02,21,24,3,27,31,5,4:ddcba
NLB073287_02,37,40,3,54,58,5,4:ddcba
NLB073296_01,8,10,2,8,9,2,1:dg
NLB073296_01,0,2,2,0,1,2,1:dg
NLB073296_01,19,24,5,21,27,7,2:bbcdeee
NLB073296_01,26,32,6,31,37,7,3:edb
NLB073298_01,7/2,5,3/2,5,6,2,2:fise
NLB073298_01,55/2,29,3/2,35,36,2,2:fise
NLB073298_01,31/2,17,3/2,20,21,2,2:fise
NLB073304_01,5,9,4,5,8,4,2:afisd
NLB073304_01,13,17,4,13,16,4,3:dcba
NLB073304_01,37,41,4,40,43,4,4:cdee
NLB073304_01,19,23,4,20,23,4,4:cdee
NLB073304_01,23,26,3,24,28,5,5:dbg
NLB073304_01,41,44,3,44,48,5,5:dbg
NLB073311_01,7/2,9,11/2,5,10,6,1
NLB073311_01,85/2,48,11/2,56,61,6,1
NLB073311_01,25/2,18,11/2,16,21,6,1
NLB073311_01,55/2,33,11/2,36,41,6,1
NLB073324_01,6,12,6,4,7,4,1:gbed
NLB073324_01,12,17,5,8,11,4,2:defg
NLB073324_01,17,23,6,12,14,3,3:fed
NLB073324_01,23,26,3,15,17,3,4:dg
NLB073324_01,44,47,3,33,35,3,4:dg
NLB073324_01,26,55/2,3/2,18,19,2,5:be
NLB073324_01,47,97/2,3/2,36,37,2,5:be
NLB073324_01,54,59,5,44,47,4,6:dbgd
NLB073324_01,33,38,5,26,29,4,6:dbgd
NLB073326_01,0,4,4,0,5,6,1:ddabcd
NLB073326_01,19,22,3,30,31,2,2:ad
NLB073326_01,24,26,2,34,36,3,3:bag
NLB073331_01,8,21/2,5/2,11,14,4,1:dg
NLB073331_01,0,5/2,5/2,0,3,4,1:dg
NLB073331_01,39/2,49/2,5,27,33,7,2:bbcdeee
NLB073331_01,57/2,63/2,3,41,43,3,3:edb
NLB073333_01,12,14,2,13,15,3,3:ddg
NLB073333_01,14,16,2,16,19,4,4:bbbb
NLB073333_01,19,22,3,24,26,3,5:bdb
NLB073333_01,22,27,5,27,30,4,6:accbag
NLB073337_02,3/4,2,5/4,1,2,2,1:dg
NLB073337_02,13,15,2,16,17,2,2:gd
NLB073337_02,22,49/2,5/2,28,30,3,4:ddcba
NLB073339_01,55/2,30,5/2,36,37,2,1:ad
NLB073339_01,62,66,4,78,80,3,2:fised
NLB073374_01,0,5/2,5/2,0,2,3,1:gbd
NLB073374_01,6,8,2,8,10,3,1:gbd
NLB073374_01,5/2,6,7/2,3,7,5,2:edccb
NLB073374_01,19/2,12,5/2,14,15,2,3:da
NLB073374_01,12,18,6,16,24,9,5:abcdefisgg
NLB073374_01,24,30,6,33,41,9,5:abcdefisgg
NLB073393_01,7,18,11,6,10,5,1
NLB073393_01,25,36,11,17,21,5,1
NLB073393_01,85,96,11,60,65,6,1
NLB073393_01,55,66,11,38,43,6,1
NLB073404_01,23,53/2,7/2,18,19,2,1:ed
NLB073404_01,3,7,4,3,4,2,1:ed
NLB073404_01,61,68,7,51,54,4,4:abcisd
NLB073426_01,1/2,5,9/2,1,4,4,1:gfed
NLB073426_01,31/2,19,7/2,24,27,4,1:gfed
NLB073426_01,13/2,17/2,2,7,10,4,2:aaaa
NLB073483_01,1/2,2,3/2,1,2,2,1:dg
NLB073483_01,17/2,10,3/2,10,11,2,1:dg
NLB073483_01,5,8,3,8,9,2,2:gd
NLB073483_01,13,16,3,18,19,2,2:gd
NLB073483_01,17,19,2,21,24,4,3:bbbb
NLB073483_01,21,49/2,7/2,27,31,5,4:ddcba
NLB073486_01,18,21,3,22,27,6,2:eedcba
NLB073486_01,21,24,3,28,30,3,3:gbd
NLB073516_01,7/2,13/2,3,7,12,6,1:eddedd
NLB073516_01,8,12,4,16,21,6,2:dedcb
NLB073516_01,25/2,37/2,6,23,30,8,3:defisggaab
NLB073562_01,23/2,27/2,2,23,24,2,1:ed
NLB073562_01,3/2,7/2,2,3,4,2,1:ed
NLB073562_01,15/2,19/2,2,15,17,3,2:cba
NLB073562_01,35/2,39/2,2,36,38,3,2:cba
NLB073562_01,89/4,93/4,1,45,46,2,3:dg
NLB073562_01,26,27,1,54,55,2,3:dg
NLB073562_01,69/2,38,7/2,72,75,4,4:abcisd
NLB073588_01,6,12,6,8,15,8,1:8884.8884.
NLB073588_01,0,6,6,0,7,8,1:8884.8884.
NLB073588_01,33/2,18,3/2,25,27,3,3:bag
NLB073588_01,39/2,85/4,7/4,32,33,2,4:ag
NLB073588_01,45/2,24,3/2,39,40,2,5:gd
NLB073626_01,0,3,3,0,4,5,1:dbdg
NLB073626_01,12,29/2,5/2,16,20,5,1:dbdg
NLB073626_01,24,53/2,5/2,34,38,5,1:dbdg
NLB073626_01,7/2,6,5/2,6,7,2,2:fise
NLB073626_01,15/2,12,9/2,12,15,4,3:gfised
NLB073626_01,15,18,3,22,25,4,4:bage
NLB073626_01,27,30,3,40,43,4,4:bage
NLB073626_01,18,24,6,26,33,8,5:edefisg
NLB073626_01,30,36,6,44,51,8,5:edefisg
NLB073628_01,0,3/2,3/2,0,1,2,1:dg
NLB073628_01,8,19/2,3/2,10,11,2,1:dg
NLB073628_01,9/2,7,5/2,6,7,2,2:gd
NLB073628_01,25/2,31/2,3,15,16,2,2:gd
NLB073628_01,33/2,37/2,2,18,21,4,3:bbbb
NLB073628_01,65/2,69/2,2,43,46,4,3:bbbb
NLB073628_01,41/2,24,7/2,24,28,5,4:ddcba
NLB073628_01,73/2,40,7/2,49,53,5,4:ddcba
NLB073639_01,0,3/2,3/2,0,1,2,1:dg
NLB073639_01,8,9,1,7,8,2,1:dg
NLB073639_01,9/2,8,7/2,5,6,2,2:gd
NLB073639_01,25/2,16,7/2,14,15,2,2:gd
NLB073639_01,33/2,37/2,2,17,20,4,3:bbbb
NLB073639_01,43/2,24,5/2,27,29,3,4:ddcba
NLB073672_01,0,11,11,0,8,9,1:8884.8884.
NLB073672_01,11,22,11,9,18,10,1:8884.8884.
NLB073672_01,31,34,3,30,31,2,3:bag
NLB073672_01,37,79/2,5/2,36,37,2,4:ag
NLB073681_01,10,20,10,10,18,9,1:8884.8884.
NLB073681_01,0,10,10,0,9,10,1:8884.8884.
NLB073685_01,3,6,3,4,9,6,1:eddedd
NLB073685_01,21/2,15,9/2,15,19,5,2:bbddc
NLB073685_01,6,21/2,9/2,10,14,5,2:bbddc
NLB073685_01,15,18,3,20,23,4,3:gbdg
NLB073685_01,21,24,3,27,32,6,4:eeegfise
NLB073685_01,24,27,3,33,35,3,5:dcb
NLB073709_01,3/2,5,7/2,3,7,5,1:gbed
NLB073709_01,5,15/2,5/2,8,11,4,2:defg
NLB073709_01,15/2,21/2,3,12,14,3,3:fed
NLB073709_01,21/2,34/3,5/6,15,16,2,4:dg
NLB073709_01,37/3,13,2/3,20,21,2,5:be
NLB073743_01,0,5,5,0,7,8,1:8884.8884.
NLB073743_01,5,10,5,8,15,8,1:8884.8884.
NLB073743_01,41/2,22,3/2,37,38,2,5:gd
NLB073750_01,12,24,12,21,32,12,2
NLB073750_01,9/2,6,3/2,8,9,2,1:dg
NLB073754_02,12,24,12,22,33,12,2
NLB073754_02,9/2,11/2,1,8,9,2,1:dg
NLB073771_02,5,8,3,8,10,3,2:afisd
NLB073771_02,11,16,5,16,19,4,3:dcba
NLB073771_02,35,39,4,41,46,6,4:cdee
NLB073771_02,17,21,4,22,27,6,4:cdee
NLB073771_02,21,24,3,28,30,3,5:dbg
NLB073775_02,0,5/2,5/2,0,1,2,1:dc
NLB073775_02,12,29/2,5/2,10,11,2,1:dc
NLB073775_02,7,12,5,8,9,2,2:ba
NLB073775_02,19,24,5,18,19,2,2:ba
NLB073775_02,34,39,5,35,37,3,3:bag
NLB073777_01,3,6,3,6,11,6,1:eddedd
NLB073777_01,15/2,12,9/2,15,21,7,2:dedcb
NLB073777_01,12,35/2,11/2,22,29,8,3:defisggaab
NLB073788_01,2,4,2,3,4,2,1:ca
NLB073788_01,32,35,3,42,45,4,10:decb
NLB073788_01,35,36,1,46,47,2,11:gg
NLB073788_01,36,40,4,48,52,5,12:abcag2
NLB073788_01,8,10,2,9,11,3,4:ded
NLB073788_01,16,20,4,19,24,6,7:g-g'fis
NLB073788_01,22,24,2,29,30,2,8:edd
NLB073788_01,28,32,4,37,41,5,9:cdeed
NLB073803_01,3,6,3,4,9,6,1:eddedd
NLB073803_01,27/2,33/2,3,19,22,4,3:gbdg
NLB073803_01,39/2,45/2,3,26,31,6,4:eeegfise
NLB073803_01,45/2,51/2,3,32,34,3,5:dcb
NLB073803_01,6,10,4,10,14,5,2:bbddc
NLB073804_02,25/2,15,5/2,17,20,4,1:dbdg
NLB073804_02,0,5/2,5/2,0,3,4,1:dbdg
NLB073804_02,7/2,6,5/2,5,7,3,2:gfisc
NLB073822_01,5,10,5,9,16,8,1:8884.8884.
NLB073822_01,0,5,5,0,8,9,1:8884.8884.
NLB073822_01,14,31/2,3/2,27,28,2,3:bag
NLB073822_01,33/2,143/8,11/8,33,34,2,4:ag
NLB073862_01,7/2,5,3/2,7,9,3,1:ded
NLB073862_01,81/4,97/4,4,35,38,4,2:dcba
NLB073862_01,107/4,123/4,4,43,48,6,3:bagcb
NLB073862_01,155/4,171/4,4,61,66,6,3:bagcb
NLB073862_01,125/4,145/4,5,50,56,7,4:BcdAgaG
NLB073862_01,173/4,193/4,5,68,74,7,4:BcdAgaG
NLB073866_01,0,6,6,0,3,4,1:dbdg
NLB073866_01,24,29,5,17,20,4,1:dbdg
NLB073866_01,7,12,5,5,7,3,2:gfisc
NLB073866_01,40,45,5,30,33,4,3:defisg
NLB073879_02,2,5,3,4,9,6,1:eddedd
NLB073879_02,11,14,3,20,23,4,3:gbdg
NLB073888_01,7/2,9,11/2,6,11,6,1
NLB073888_01,55/2,33,11/2,40,45,6,1
NLB073888_01,25/2,18,11/2,18,23,6,1
NLB073895_01,3,6,3,4,9,6,1:eddedd
NLB073895_01,6,21/2,9/2,10,14,5,2:bbddc
NLB073895_01,12,33/2,9/2,15,20,6,2:bbddc
NLB073895_01,18,21,3,21,24,4,3:gbdg
NLB073895_01,24,27,3,28,33,6,4:eeegfise
NLB073895_01,27,30,3,34,37,4,5:dcb
NLB073897_01,0,3,3,0,3,4,1:dbdg
NLB073897_01,12,15,3,15,18,4,1:dbdg
NLB073897_01,7/2,6,5/2,5,6,2,2:fise
NLB073897_01,8,12,4,12,14,3,3:gfised
NLB073897_01,15,18,3,19,22,4,4:bage
NLB073897_01,18,24,6,23,29,7,5:edefisg
NLB073929_01,1,6,5,1,4,4,1:gfed
NLB073939_01,29,33,4,31,33,3,2:cba
NLB073939_01,13,33/2,7/2,14,16,3,2:cba
NLB073939_01,38,41,3,39,40,2,3:dg
NLB073939_01,63,68,5,61,64,4,4:abcisd
NLB073939_01,73,79,6,69,72,4,4:abcisd
NLB073946_01,3,6,3,6,11,6,1:eddedd
NLB073946_01,12,18,6,23,30,8,3:defisggaab
NLB073958_01,3,6,3,4,9,6,1:eddedd
NLB073958_01,6,21/2,9/2,10,15,6,2:bbddc
NLB073958_01,21/2,15,9/2,16,21,6,2:bbddc
NLB073958_01,15,18,3,22,25,4,3:gbdg
NLB073958_01,21,24,3,29,34,6,4:eeegfise
NLB073958_01,24,27,3,35,37,3,5:dcb
NLB073990_01,0,2,2,0,1,2,1:dg
NLB073990_01,8,10,2,9,10,2,1:dg
NLB073990_01,5,8,3,7,8,2,2:gd
NLB073990_01,13,16,3,17,18,2,2:gd
NLB073990_01,17,19,2,20,23,4,3:bbbb
NLB073990_01,21,49/2,7/2,27,31,5,4:ddcba
NLB073991_02,1,5/2,3/2,1,3,3,1:ged
NLB073991_02,6,15/2,3/2,10,12,3,1:ged
NLB073991_02,3,5,2,6,8,3,2:afisd
NLB073991_02,7,19/2,5/2,12,15,4,3:dcba
NLB073991_02,10,12,2,18,21,4,4:cdee
NLB073991_02,19,21,2,33,36,4,4:cdee
NLB073991_02,12,27/2,3/2,22,24,3,5:dbg
NLB073991_02,21,45/2,3/2,37,39,3,5:dbg
NLB073992_01,7/2,9,11/2,6,11,6,1
NLB073992_01,85/2,48,11/2,58,63,6,1
NLB073992_01,55/2,33,11/2,38,43,6,1
NLB073992_01,25/2,18,11/2,18,23,6,1
NLB073994_01,23/2,24,25/2,21,33,13,2
NLB073994_01,9/2,6,3/2,8,9,2,1:dg
NLB073997_01,10,13,3,11,13,3,1:ged
NLB073997_01,6,9,3,6,8,3,2:afisd
NLB073997_01,12,33/2,9/2,13,16,4,3:dcba
NLB073997_01,18,22,4,20,23,4,4:cdee
NLB073997_01,22,25,3,24,26,3,5:dbg
NLB073998_01,2,4,2,3,4,2,1:ca
NLB073998_01,32,35,3,48,51,4,10:decb
NLB073998_01,35,36,1,52,53,2,11:gg
NLB073998_01,36,40,4,54,58,5,12:abcag2
NLB073998_01,4,6,2,5,8,4,2:gbdd
NLB073998_01,6,8,2,9,11,3,3:afisd
NLB073998_01,8,10,2,12,14,3,4:ded
NLB073998_01,11,12,1,17,18,2,5:dc
NLB073998_01,13,16,3,21,23,3,6:bcd
NLB073998_01,16,20,4,24,29,6,7:g-g'fis
NLB073998_01,22,24,2,34,36,3,8:edd
NLB073998_01,28,32,4,43,47,5,9:cdeed
NLB074003_01,0,7/2,7/2,0,5,6,1:ddabcd
NLB074003_01,33/2,39/2,3,24,25,2,2:ad
NLB074003_01,41/2,24,7/2,28,30,3,3:bag
NLB074004_01,12,24,12,11,18,8,1:8884.8884.
NLB074004_01,0,12,12,0,10,11,1:8884.8884.
NLB074004_01,45,48,3,39,40,2,5:gd
NLB074007_01,0,3/2,3/2,0,1,2,1:dg 
NLB074007_01,36,75/2,3/2,47,48,2,1:dg 
NLB074007_01,18,24,6,20,25,6,2:dfisfisfis4
NLB074007_01,54,60,6,65,70,6,2:dfisfisfis4
NLB074007_01,26,55/2,3/2,30,32,3,3:gfise
NLB074028_01,1/2,5,9/2,1,4,4,1:gfed
NLB074028_01,31/2,20,9/2,24,27,4,1:gfed
NLB074028_01,13/2,35/4,9/4,8,10,3,2:aaaa
NLB074038_01,0,3/2,3/2,0,1,2,1:dg 
NLB074038_01,18,24,6,19,24,6,2:dfisfisfis4
NLB074038_01,54,60,6,66,71,6,2:dfisfisfis4
NLB074038_01,26,55/2,3/2,29,31,3,3:gfise
NLB074048_02,0,12,12,0,7,8,1:8884.8884.
NLB074048_02,12,23,11,8,15,8,1:8884.8884.
NLB074048_02,32,35,3,26,28,3,3:bag
NLB074048_02,38,41,3,32,33,2,4:ag
NLB074048_02,44,47,3,37,38,2,5:gd
NLB074077_02,3,6,3,5,10,6,1:eddedd
NLB074077_02,6,21/2,9/2,11,15,5,2:bbddc
NLB074077_02,12,33/2,9/2,16,21,6,2:bbddc
NLB074077_02,33/2,39/2,3,22,26,5,3:gbdg
NLB074077_02,45/2,51/2,3,30,34,5,4:eeegfise
NLB074077_02,51/2,57/2,3,35,37,3,5:dcb
NLB074100_01,0,3,3,0,3,4,1:dbdg
NLB074100_01,7/2,6,5/2,5,6,2,2:fise
NLB074100_01,15/2,12,9/2,10,13,4,3:gfised
NLB074100_01,15,18,3,18,21,4,4:bage
NLB074100_01,18,24,6,22,28,7,5:edefisg
NLB074104_01,3,6,3,6,11,6,1:eddedd
NLB074104_01,15/2,12,9/2,15,19,5,2:dedcb
NLB074104_01,12,18,6,20,28,9,3:defisggaab
NLB074156_03,29/2,53/2,12,20,31,12,2
NLB074156_03,11/2,7,3/2,7,8,2,1:dg
NLB074157_01,4,9,5,6,11,6,1
NLB074157_01,28,67/2,11/2,38,43,6,1
NLB074157_01,13,37/2,11/2,18,23,6,1
NLB074157_01,43,97/2,11/2,58,63,6,1
NLB074161_01,85/2,48,11/2,56,61,6,1
NLB074161_01,55/2,33,11/2,35,40,6,1
NLB074166_01,3,6,3,6,11,6,1:eddedd
NLB074166_01,15/2,12,9/2,15,19,5,2:dedcb
NLB074166_01,12,18,6,20,27,8,3:defisggaab
NLB074182_01,0,3,3,0,4,5,1:dbdg
NLB074182_01,7/2,6,5/2,6,7,2,2:fise
NLB074182_01,27/2,33/2,3,20,22,3,4:bage
NLB074182_01,33/2,45/2,6,23,29,7,5:edefisg
NLB074216_01,0,4,4,0,5,6,1:ddabcd
NLB074216_01,19,22,3,28,29,2,2:ad
NLB074216_01,24,28,4,32,34,3,3:bag
NLB074227_01,0,11,11,0,7,8,1:8884.8884.
NLB074227_01,11,22,11,8,16,9,1:8884.8884.
NLB074227_01,31,34,3,29,30,2,3:bag
NLB074227_01,37,39,2,34,35,2,4:ag
NLB074227_01,44,47,3,42,43,2,5:gd
NLB074234_01,7/2,9,11/2,6,11,6,1
NLB074234_01,55/2,32,9/2,40,45,6,1
NLB074234_01,25/2,18,11/2,18,23,6,1
NLB074246_01,1,4,3,1,4,4,"1:b,a,g,fis"
NLB074246_01,12,27/2,3/2,14,16,3,3:ddg
NLB074246_01,19,22,3,26,28,3,5:bdb
NLB074246_01,22,27,5,29,32,4,6:accbag
NLB074246_02,1,4,3,1,4,4,"1:b,a,g,fis"
NLB074246_02,13,16,3,16,19,4,"1:b,a,g,fis"
NLB074246_02,24,103/4,7/4,30,32,3,3:ddg
NLB074246_02,39,163/4,7/4,49,51,3,3:ddg
NLB074246_02,26,28,2,34,37,4,4:bbbb
NLB074246_02,41,43,2,53,56,4,4:bbbb
NLB074246_02,31,34,3,42,44,3,5:bdb
NLB074246_02,46,49,3,61,63,3,5:bdb
NLB074246_02,34,39,5,45,48,4,6:accbag
NLB074246_02,49,54,5,64,67,4,6:accbag
NLB074260_01,0,3,3,0,1,2,1:dc
NLB074260_01,8,11,3,8,9,2,2:ba
NLB074260_01,22,27,5,23,25,3,3:bag
NLB074260_02,11,14,3,11,13,3,1:dc
NLB074260_02,0,3,3,0,2,3,1:dc
NLB074260_02,19,22,3,20,22,3,2:ba
NLB074260_02,8,23/2,7/2,9,11,3,2:ba
NLB074260_02,33,38,5,36,38,3,3:bag
NLB074261_01,12,24,12,27,39,13,2
NLB074277_01,18,21,3,24,29,6,2:eedcba
NLB074277_01,21,24,3,30,32,3,3:gbd
NLB074286_01,10,23/2,3/2,18,19,2,1:bag
NLB074286_01,38,81/2,5/2,65,67,3,2:fis
NLB074286_01,44,95/2,7/2,75,77,3,3:gacb
NLB074286_01,51,55,4,85,87,3,4:bag
NLB074308_01,5/2,11/2,3,4,7,4,1:gbed
NLB074308_01,11/2,8,5/2,8,11,4,2:defg
NLB074308_01,8,21/2,5/2,12,14,3,3:fed
NLB074308_01,21/2,23/2,1,15,16,2,4:dg
NLB074308_01,22,23,1,33,34,2,4:dg
NLB074308_01,25/2,27/2,1,18,19,2,5:be
NLB074308_01,24,25,1,36,37,2,5:be
NLB074308_01,35/2,20,5/2,26,29,4,6:dbgd
NLB074308_01,29,63/2,5/2,44,47,4,6:dbgd
NLB074309_01,7/2,5,3/2,6,8,3,1:ded
NLB074309_01,20,24,4,35,38,4,2:dcba
NLB074309_01,38,42,4,61,66,6,3:bagcb
NLB074309_01,26,30,4,43,48,6,3:bagcb
NLB074309_01,85/2,48,11/2,68,74,7,4:BcdAgaG
NLB074309_01,61/2,36,11/2,50,56,7,4:BcdAgaG
NLB074328_01,0,2,2,0,1,2,1:dg
NLB074328_01,13,15,2,18,19,2,2:gd
NLB074328_01,21,24,3,27,31,5,4:ddcba
NLB074333_01,0,4,4,0,5,6,1:ddabcd
NLB074333_01,19,22,3,23,24,2,2:ad
NLB074333_01,24,26,2,27,29,3,3:bag
NLB074334_01,0,5/2,5/2,0,1,2,1:dc
NLB074334_01,10,25/2,5/2,9,10,2,1:dc
NLB074334_01,7,9,2,7,8,2,2:ba
NLB074334_01,17,19,2,16,17,2,2:ba
NLB074334_01,28,33,5,30,32,3,3:bag
NLB074336_01,0,5/2,5/2,0,1,2,1:dc
NLB074336_01,6,8,2,7,8,2,2:ba
NLB074336_01,18,24,6,20,22,3,3:bag
NLB074342_01,3,6,3,6,11,6,1:eddedd
NLB074342_01,15/2,12,9/2,15,19,5,2:dedcb
NLB074342_01,12,35/2,11/2,20,27,8,3:defisggaab
NLB074349_01,2,4,2,2,5,4,"1:b,a,g,fis"
NLB074349_01,19/2,12,5/2,12,13,2,"2:a,d"
NLB074349_01,12,14,2,14,16,3,3:ddg
NLB074349_01,14,16,2,17,19,3,4:bbbb
NLB074349_01,19,21,2,25,28,4,5:bdb
NLB074349_01,22,26,4,31,34,4,6:accbag
NLB074378_02,6,10,4,8,12,5,2:defg
NLB074378_02,10,12,2,13,15,3,3:fed
NLB074378_02,13,14,1,16,17,2,4:dg
NLB074378_02,19,45/2,7/2,26,32,7,6:dbgd
NLB074390_01,13,15,2,17,19,3,1:bag
NLB074390_01,19,23,4,25,27,3,2:fis
NLB074390_01,29,32,3,35,38,4,3:gacb
NLB074390_01,37,40,3,46,48,3,4:bag
NLB074426_02,12,23,11,21,33,13,2
NLB074427_01,0,3/2,3/2,0,1,2,1:dg
NLB074427_01,8,9,1,8,9,2,1:dg
NLB074427_01,9/2,13/2,2,6,7,2,2:gd
NLB074427_01,25/2,29/2,2,15,16,2,2:gd
NLB074427_01,33/2,37/2,2,18,21,4,3:bbbb
NLB074427_01,41/2,23,5/2,24,28,5,4:ddcba
NLB074433_01,2,4,2,2,5,4,"1:b,a,g,fis"
NLB074433_01,14,16,2,19,22,4,4:bbbb
NLB074433_01,19,43/2,5/2,27,30,4,5:bdb
NLB074437_01,19,24,5,27,33,7,2:bbcdeee
NLB074437_01,27,31,4,39,43,5,3:edb
NLB074443_01,20,24,4,36,39,4,2:dcba
NLB074443_01,26,30,4,44,49,6,3:bagcb
NLB074443_01,61/2,36,11/2,51,57,7,4:BcdAgaG
NLB074452_01,5,15/2,5/2,8,12,5,2:defg
NLB074452_01,15/2,19/2,2,13,15,3,3:fed
NLB074452_01,19/2,21/2,1,16,17,2,4:dg
NLB074452_01,23/2,25/2,1,19,20,2,5:be
NLB074452_01,35/2,20,5/2,27,31,5,6:dbgd
NLB074470_01,11,13,2,15,16,2,1:bag
NLB074470_01,17,20,3,22,24,3,2:fis
NLB074470_01,25,28,3,32,34,3,3:gacb
NLB074470_01,33,36,3,42,44,3,4:bag
NLB074533_01,0,2,2,0,2,3,1:dg
NLB074533_01,8,10,2,10,12,3,1:dg
NLB074533_01,19,24,5,24,30,7,2:bbcdeee
NLB074533_01,28,31,3,38,40,3,3:edb
NLB074547_02,9,13,4,10,13,4,2:defg
NLB074547_02,13,17,4,14,17,4,3:fed
NLB074547_02,43,91/2,5/2,41,42,2,5:be
NLB074547_02,21,47/2,5/2,20,21,2,5:be
NLB074547_02,32,37,5,31,35,5,6:dbgd
NLB074547_02,54,59,5,52,56,5,6:dbgd
NLB074552_01,0,3/2,3/2,0,1,2,1:dg
NLB074552_01,8,19/2,3/2,9,10,2,1:dg
NLB074552_01,9/2,13/2,2,7,8,2,2:gd
NLB074552_01,25/2,29/2,2,16,17,2,2:gd
NLB074552_01,33/2,37/2,2,19,22,4,3:bbbb
NLB074552_01,43/2,47/2,2,29,31,3,4:ddcba
NLB074575_01,5/2,4,3/2,2,4,3,"1:b,a,g,fis"
NLB074575_01,29/2,16,3/2,16,18,3,"1:b,a,g,fis"
NLB074575_01,24,26,2,28,29,2,3:ddg
NLB074575_01,39,41,2,47,48,2,3:ddg
NLB074575_01,26,28,2,30,33,4,4:bbbb
NLB074575_01,41,43,2,49,52,4,4:bbbb
NLB074575_01,31,67/2,5/2,38,41,4,5:bdb
NLB074575_01,46,97/2,5/2,57,60,4,5:bdb
NLB074575_01,34,39,5,43,46,4,6:accbag
NLB074575_01,49,54,5,62,65,4,6:accbag
NLB074583_01,0,3/2,3/2,0,2,3,1:dg
NLB074583_01,8,19/2,3/2,12,14,3,1:dg
NLB074583_01,19,24,5,29,35,7,2:bbcdeee
NLB074583_01,28,32,4,43,45,3,3:edb
NLB074593_01,7/2,6,5/2,5,7,3,1:ded
NLB074593_01,20,49/2,9/2,33,36,4,2:dcba
NLB074593_01,26,61/2,9/2,40,44,5,3:bagcb
NLB074613_02,12,24,12,22,34,13,2
NLB074649_01,0,3/2,3/2,0,1,2,1:dg
NLB074649_01,8,19/2,3/2,10,11,2,1:dg
NLB074649_01,19,24,5,25,31,7,2:bbcdeee
NLB074649_01,111/4,30,9/4,38,41,4,3:edb
NLB074672_01,3,6,3,4,9,6,1:eddedd
NLB074672_01,6,21/2,9/2,10,14,5,2:bbddc
NLB074672_01,21/2,15,9/2,15,19,5,2:bbddc
NLB074672_01,15,18,3,20,23,4,3:gbdg
NLB074672_01,21,24,3,27,32,6,4:eeegfise
NLB074672_01,24,27,3,33,35,3,5:dcb
NLB074754_01,0,5/2,5/2,0,3,4,1:dbdg
NLB074754_01,12,29/2,5/2,16,19,4,1:dbdg
NLB074754_01,3,6,3,5,7,3,2:gfisc
NLB074769_01,5/2,11/2,3,5,10,6,1:eddedd
NLB074769_01,17,39/2,5/2,28,31,4,4:eeegfise
NLB074769_01,17/2,23/2,3,15,17,3,5:dcb
NLB074769_02,7/2,13/2,3,7,12,6,1:eddedd
NLB074769_02,37/2,21,5/2,30,34,5,4:eeegfise
NLB074769_02,19/2,25/2,3,19,21,3,5:dcb
NLB074840_01,3,6,3,4,9,6,1:eddedd
NLB074840_01,6,21/2,9/2,10,14,5,2:bbddc
NLB074840_01,21/2,15,9/2,15,19,5,2:bbddc
NLB074840_01,15,18,3,20,23,4,3:gbdg
NLB074840_01,21,24,3,27,32,6,4:eeegfise
NLB074840_02,3,6,3,5,10,6,1:eddedd
NLB074840_02,6,21/2,9/2,11,15,5,2:bbddc
NLB074840_02,21/2,15,9/2,16,20,5,2:bbddc
NLB074840_02,15,18,3,21,25,5,3:gbdg
NLB074840_02,21,47/2,5/2,29,32,4,4:eeegfise
NLB074860_01,9/2,21/2,6,7,11,5,2:bbddc
NLB074860_01,21/2,15,9/2,12,17,6,2:bbddc
NLB074860_01,21,24,3,25,29,5,4:eeegfise
NLB074860_01,24,27,3,30,32,3,5:dcb
NLB074938_01,3,6,3,6,11,6,1:eddedd
NLB074938_01,15/2,12,9/2,15,19,5,2:dedcb
NLB074938_01,12,18,6,20,27,8,3:defisggaab
NLB074948_01,2,7/2,3/2,3,5,3,1:ca
NLB074948_01,32,35,3,46,49,4,10:decb
NLB074948_01,35,36,1,50,51,2,11:gg
NLB074948_01,36,40,4,52,56,5,12:abcag2
NLB074948_01,8,10,2,11,13,3,4:ded
NLB074948_01,10,12,2,14,16,3,5:dc
NLB074948_01,16,20,4,22,27,6,7:g-g'fis
NLB074948_01,22,24,2,32,34,3,8:edd
NLB074948_01,28,32,4,41,45,5,9:cdeed
NLB074954_01,85/2,48,11/2,63,68,6,1
NLB074954_01,55/2,33,11/2,41,46,6,1
NLB074954_01,7/2,9,11/2,6,11,6,1
NLB074954_01,25/2,18,11/2,18,23,6,1
NLB074956_01,7/2,13/2,3,7,12,6,1:eddedd
NLB074956_01,8,25/2,9/2,16,21,6,2:dedcb
NLB074956_01,25/2,18,11/2,22,30,9,3:defisggaab
NLB074962_01,11,14,3,9,11,3,1:ged
NLB074962_01,1,4,3,1,3,3,1:ged
NLB074962_01,5,9,4,5,7,3,2:afisd
NLB074962_01,13,35/2,9/2,11,14,4,3:dcba
NLB074962_01,19,23,4,18,21,4,4:cdee
NLB074962_01,23,26,3,22,24,3,5:dbg
NLB075013_01,2,15/4,7/4,4,6,3,1:ca
NLB075013_01,24,53/2,5/2,41,44,4,10:decb
NLB075013_01,27,28,1,46,47,2,11:gg
NLB075013_01,4,6,2,8,11,4,2:gbdd
NLB075013_01,8,10,2,15,17,3,4:ded
NLB075013_01,11,12,1,20,21,2,5:dc
NLB075013_01,13,16,3,24,26,3,6:bcd
NLB075013_01,16,20,4,27,33,7,7:g-g'fis
NLB075013_01,22,24,2,38,40,3,8:edd
NLB075013_01,28,32,4,48,53,6,12:abcag2
NLB075018_02,0,7/4,7/4,0,2,3,1:dg
NLB075018_02,8,39/4,7/4,12,14,3,1:dg
NLB075018_02,19,47/2,9/2,29,35,7,2:bbcdeee
NLB075018_02,55/2,32,9/2,42,45,4,3:edb
NLB075021_01,3/2,7/2,2,3,4,2,1:ed
NLB075021_01,15/2,37/4,7/4,13,15,3,2:cba
NLB075021_01,65/2,36,7/2,61,64,4,4:abcisd
NLB075034_01,12,27/2,3/2,17,19,3,1:bag
NLB075034_01,18,23,5,26,28,3,2:fis
NLB075034_01,27,31,4,36,38,3,3:gacb
NLB075034_01,35,38,3,46,48,3,4:bag
NLB075035_01,3/2,7/2,2,3,4,2,1:ed
NLB075035_01,21/2,25/2,2,19,20,2,1:ed
NLB075035_01,15/2,9,3/2,13,15,3,2:cba
NLB075035_01,33/2,37/2,2,29,31,3,2:cba
NLB075035_01,21,22,1,37,38,2,3:dg
NLB075035_01,25,26,1,45,46,2,3:dg
NLB075035_01,69/2,38,7/2,60,64,5,4:abcisd
NLB075040_01,0,7/4,7/4,0,2,3,1:dg
NLB075040_01,8,39/4,7/4,10,12,3,1:dg
NLB075040_01,19,24,5,25,31,7,2:bbcdeee
NLB075040_01,27,32,5,37,41,5,3:edb
NLB075057_01,3/2,3,3/2,4,5,2,1:ed
NLB075057_01,21/2,12,3/2,22,23,2,1:ed
NLB075057_01,33/2,37/2,2,35,37,3,2:cba
NLB075057_01,15/2,37/4,7/4,16,18,3,2:cba
NLB075057_01,29,30,1,51,52,2,3:dg
NLB075057_01,23,24,1,43,44,2,3:dg
NLB075057_01,75/2,83/2,4,68,72,5,4:abcisd
NLB075057_01,44,95/2,7/2,78,82,5,4:abcisd
NLB075059_01,0,2,2,0,2,3,1:dg
NLB075059_01,8,10,2,10,12,3,1:dg
NLB075059_01,19,24,5,24,30,7,2:bbcdeee
NLB075059_01,53/2,32,11/2,35,40,6,3:edb
NLB075063_01,5,8,3,8,10,3,1:aba
NLB075063_01,34,37,3,45,50,6,2:eedcba
NLB075063_01,18,21,3,24,29,6,2:eedcba
NLB075063_01,37,40,3,51,53,3,3:gbd
NLB075063_01,21,24,3,30,32,3,3:gbd
NLB075064_01,12,15,3,9,11,3,1:ged
NLB075064_01,2,5,3,1,3,3,1:ged
NLB075064_01,6,10,4,6,7,2,2:afisd
NLB075064_01,14,19,5,11,14,4,3:dcba
NLB075064_01,38,42,4,34,37,4,4:cdee
NLB075064_01,20,24,4,17,20,4,4:cdee
NLB075064_01,42,45,3,38,40,3,5:dbg
NLB075064_01,24,27,3,21,23,3,5:dbg
NLB075065_01,3,6,3,6,11,6,1:eddedd
NLB075065_01,15/2,12,9/2,15,21,7,2:dedcb
NLB075065_01,12,18,6,22,29,8,3:defisggaab
NLB075068_01,2,5,3,1,3,3,1:ged
NLB075068_01,12,15,3,10,12,3,1:ged
NLB075068_01,6,10,4,5,7,3,2:afisd
NLB075068_01,14,37/2,9/2,12,15,4,3:dcba
NLB075068_01,20,24,4,19,22,4,4:cdee
NLB075073_01,12,29/2,5/2,17,21,5,1:dbdg
NLB075073_01,7/2,6,5/2,7,8,2,2:fise
NLB075073_01,15,35/2,5/2,23,26,4,4:bage
NLB075073_01,18,24,6,28,35,8,5:edefisg
NLB075074_01,7/2,13/2,3,7,12,6,1:eddedd
NLB075074_01,8,25/2,9/2,16,21,6,2:dedcb
NLB075074_01,25/2,73/4,23/4,22,29,8,3:defisggaab
NLB075079_01,0,3/2,3/2,0,1,2,1:dg 
NLB075079_01,33/2,45/2,6,21,26,6,2:dfisfisfis4
NLB075156_01,21/2,49/4,7/4,18,19,2,1:ed
NLB075156_01,3/2,7/2,2,3,4,2,1:ed
NLB075156_01,21,45/2,3/2,37,38,2,3:dg
NLB075156_01,25,26,1,44,45,2,3:dg
NLB075156_01,67/2,37,7/2,58,61,4,4:abcisd
NLB075156_01,79/2,43,7/2,66,69,4,4:abcisd
NLB075158_01,1,6,5,2,5,4,1:defisg
NLB075158_01,13,18,5,15,18,4,1:defisg
NLB075158_01,10,12,2,11,12,2,2:ba
NLB075158_01,22,24,2,24,25,2,2:ba
NLB075158_01,24,32,8,26,31,6,3:deedee
NLB075158_01,50,58,8,48,53,6,3:deedee
NLB075167_01,21/2,49/4,7/4,21,22,2,1:ed
NLB075167_01,3/2,7/2,2,4,5,2,1:ed
NLB075167_01,15/2,37/4,7/4,15,17,3,2:cba
NLB075167_01,33/2,37/2,2,34,36,3,2:cba
NLB075167_01,25,26,1,49,50,2,3:dg
NLB075167_01,21,45/2,3/2,42,43,2,3:dg
NLB075167_01,77/2,41,5/2,77,81,5,4:abcisd
NLB075167_01,67/2,36,5/2,67,71,5,4:abcisd
NLB075174_01,0,7/4,7/4,0,2,3,1:dg
NLB075174_01,47/4,16,17/4,18,23,6,2:bbcdeee
NLB075174_01,79/4,24,17/4,30,33,4,3:edb
NLB075176_01,5/2,4,3/2,2,4,3,"1:b,a,g,fis"
NLB075176_01,12,14,2,13,15,3,3:ddg
NLB075176_01,14,16,2,16,19,4,4:bbbb
NLB075176_01,19,22,3,24,26,3,5:bdb
NLB075176_01,22,27,5,27,31,5,6:accbag
NLB075184_01,2,4,2,3,6,4,"1:b,a,g,fis"
NLB075184_01,12,27/2,3/2,16,18,3,3:ddg
NLB075184_01,27,57/2,3/2,37,39,3,3:ddg
NLB075184_01,14,16,2,20,23,4,4:bbbb
NLB075184_01,29,31,2,41,44,4,4:bbbb
NLB075184_01,19,22,3,28,31,4,5:bdb
NLB075184_01,34,37,3,49,52,4,5:bdb
NLB075184_01,22,27,5,32,36,5,6:accbag
NLB075184_01,37,42,5,53,57,5,6:accbag
NLB075191_01,3,6,3,4,9,6,1:eddedd
NLB075191_01,6,12,6,10,13,4,2:bbddc
NLB075191_01,12,18,6,14,17,4,2:bbddc
NLB075191_01,18,21,3,18,21,4,3:gbdg
NLB075191_01,24,27,3,25,29,5,4:eeegfise
NLB075191_01,27,30,3,30,32,3,5:dcb
NLB075249_01,0,2,2,0,2,3,1:dg
NLB075249_01,47/4,16,17/4,16,21,6,2:bbcdeee
NLB075249_01,79/4,24,17/4,28,31,4,3:edb
NLB075273_01,3,11,8,3,8,6,1:gbed
NLB075273_01,11,15,4,9,12,4,2:defg
NLB075273_01,15,21,6,13,16,4,3:fed
NLB075273_01,27,28,1,23,24,2,5:be
NLB075273_01,33,36,3,31,34,4,6:dbgd
NLB075307_03,0,3,3,0,1,2,1:dg 
NLB075307_03,36,48,12,18,24,7,2:dfisfisfis4
NLB075307_03,108,120,12,67,73,7,2:dfisfisfis4
NLB075307_03,52,55,3,29,31,3,3:gfise
NLB075309_02,55/2,30,5/2,36,38,3,1:ad
NLB075309_02,79/2,42,5/2,51,53,3,1:ad
NLB075309_02,121/2,127/2,3,75,77,3,2:fised
NLB075309_02,65,141/2,11/2,80,82,3,3:bag
NLB075313_01,61/2,69/2,4,51,55,5,12:abcag2
NLB075313_01,3/2,9/2,3,3,8,6,2:gbdd
NLB075313_01,7,17/2,3/2,11,13,3,4:ded
NLB075313_01,17/2,19/2,1,14,16,3,5:dc
NLB075313_01,14,33/2,5/2,22,26,5,7:g-g'fis
NLB075313_01,37/2,21,5/2,32,33,2,8:edd
NLB075313_01,47/2,55/2,4,40,44,5,9:cdeed
NLB075313_01,28,30,2,45,48,4,10:decb
NLB075318_01,79/2,42,5/2,48,50,3,1:ad
NLB075318_01,65,68,3,75,77,3,2:fised
NLB075318_01,139/2,75,11/2,80,82,3,3:bag
NLB075325_01,1,4,3,1,4,4,"1:b,a,g,fis"
NLB075325_01,12,27/2,3/2,15,17,3,3:ddg
NLB075325_01,14,16,2,19,22,4,4:bbbb
NLB075325_01,19,22,3,28,31,4,5:bdb
NLB075325_02,1,4,3,1,4,4,"1:b,a,g,fis"
NLB075325_02,24,51/2,3/2,32,34,3,3:ddg
NLB075325_02,26,28,2,36,39,4,4:bbbb
NLB075325_02,31,34,3,44,47,4,5:bdb
NLB075367_01,17,20,3,19,22,4,2:eedcba
NLB075379_01,5/2,4,3/2,5,6,2,1:ed
NLB075379_01,21/2,12,3/2,17,19,3,1:ed
NLB075379_01,85/4,22,3/4,37,38,2,3:dg
NLB075379_01,157/4,40,3/4,63,64,2,3:dg
NLB075431_01,32,34,2,45,48,4,10:decb
NLB075431_01,71/2,40,9/2,51,56,6,12:abcag2
NLB075431_01,8,19/2,3/2,9,11,3,4:ded
NLB075431_01,16,20,4,21,27,7,7:g-g'fis
NLB075525_01,5/2,4,3/2,5,6,2,1:ed
NLB075525_01,36,37,1,61,62,2,3:dg
NLB075525_01,20,21,1,35,36,2,3:dg
NLB075532_01,3,6,3,6,11,6,1:eddedd
NLB075532_01,15/2,12,9/2,15,19,5,2:dedcb
NLB075532_01,12,18,6,20,28,9,3:defisggaab
NLB075551_01,13/2,25/2,6,9,17,9,1:8884.8884.
NLB075551_01,0,13/2,13/2,0,8,9,1:8884.8884.
NLB075551_01,35/2,77/4,7/4,30,31,2,3:bag
NLB075551_01,21,89/4,5/4,37,38,2,4:ag
NLB075612_01,0,3/2,3/2,0,2,3,1:dg
NLB075612_01,8,19/2,3/2,12,14,3,1:dg
NLB075612_01,39/2,24,9/2,30,35,6,2:bbcdeee
NLB075612_01,28,32,4,43,45,3,3:edb
NLB075616_01,5,13/2,3/2,9,11,3,1:eddedd
NLB075616_01,8,12,4,15,19,5,2:dedcb
NLB075616_01,12,37/2,13/2,20,28,9,3:defisggaab
NLB075635_01,3,6,3,4,7,4,1:gbed
NLB075635_01,6,17/2,5/2,8,11,4,2:defg
NLB075635_01,17/2,41/4,7/4,12,14,3,3:fed
NLB075635_01,12,13,1,17,18,2,4:dg
NLB075635_01,55/4,29/2,3/4,20,21,2,5:be
NLB075739_03,7/2,6,5/2,6,8,3,1:ded
NLB075739_03,26,30,4,40,44,5,3:bagcb
NLB075739_03,61/2,36,11/2,46,52,7,4:BcdAgaG
NLB075742_01,3,11/2,5/2,4,6,3,1:ded
NLB075742_01,51/2,59/2,4,36,40,5,3:bagcb
NLB075742_01,42,95/2,11/2,60,66,7,4:BcdAgaG
NLB075771_02,7/2,5,3/2,6,8,3,1:ded
NLB075771_02,20,24,4,33,36,4,2:dcba
NLB075771_02,38,42,4,60,64,5,3:bagcb
NLB075771_02,26,30,4,42,46,5,3:bagcb
NLB075771_02,61/2,36,11/2,48,54,7,4:BcdAgaG
NLB075771_02,85/2,48,11/2,66,72,7,4:BcdAgaG
NLB075831_01,3,6,3,4,9,6,1:eddedd
NLB075831_01,6,21/2,9/2,10,14,5,2:bbddc
NLB075831_01,21/2,15,9/2,15,19,5,2:bbddc
NLB075831_01,15,18,3,20,23,4,3:gbdg
NLB075831_01,21,24,3,27,33,7,4:eeegfise
NLB075831_01,24,27,3,34,36,3,5:dcb
NLB075848_01,26,30,4,41,45,5,3:bagcb
NLB075848_01,38,42,4,59,63,5,3:bagcb
NLB075848_01,14,18,4,22,26,5,3:bagcb
NLB075848_01,85/2,48,11/2,65,71,7,4:BcdAgaG
NLB075848_01,37/2,24,11/2,29,35,7,4:BcdAgaG
NLB075848_01,61/2,36,11/2,47,53,7,4:BcdAgaG
NLB075881_02,7/2,5,3/2,7,9,3,1:ded
NLB075881_02,20,47/2,7/2,35,38,4,2:dcba
NLB075881_02,26,59/2,7/2,44,49,6,3:bagcb
NLB075881_02,61/2,36,11/2,52,58,7,4:BcdAgaG
NLB075906_01,13,16,3,18,19,2,1:bag
NLB075906_01,27,31,4,35,37,3,3:gacb
NLB075906_01,35,38,3,45,47,3,4:bag
NLB076076_01,7/2,6,5/2,5,7,3,1:ded
NLB076076_01,20,24,4,32,35,4,2:dcba
NLB076076_01,26,30,4,39,43,5,3:bagcb
NLB076076_01,61/2,36,11/2,45,51,7,4:BcdAgaG
NLB076118_01,12,15,3,18,20,3,1:bag
NLB076118_01,19,23,4,26,28,3,2:fis
NLB076118_01,35,38,3,46,48,3,4:bag
NLB076128_01,0,5/2,5/2,0,2,3,1:gbd
NLB076128_01,5/2,6,7/2,3,7,5,2:edccb
NLB076128_01,19/2,12,5/2,13,14,2,3:da
NLB076128_01,12,18,6,15,24,10,5:abcdefisgg
NLB076128_01,24,30,6,33,42,10,5:abcdefisgg
NLB076130_07,3,6,3,4,7,4,1:defisg
NLB076130_07,15,18,3,20,23,4,1:defisg
NLB076130_07,10,12,2,13,15,3,2:ba
NLB076130_07,22,24,2,29,31,3,2:ba
NLB076130_07,24,32,8,32,37,6,3:deedee
NLB076211_01,0,3/2,3/2,0,1,2,1:dg
NLB076211_01,9/2,17/2,4,7,8,2,2:gd
NLB076211_01,25/2,16,7/2,15,16,2,2:gd
NLB076211_01,33/2,37/2,2,18,21,4,3:bbbb
NLB076211_01,41/2,24,7/2,24,28,5,4:ddcba
NLB076258_01,3,11/2,5/2,5,7,3,1:ded
NLB076258_01,51/2,59/2,4,43,47,5,3:bagcb
NLB076258_01,30,71/2,11/2,49,55,7,4:BcdAgaG
NLB076271_01,7/2,5,3/2,9,11,3,1:ded
NLB076271_01,20,24,4,38,41,4,2:dcba
NLB076271_01,99/2,107/2,4,84,89,6,3:bagcb
NLB076271_01,75/2,83/2,4,66,71,6,3:bagcb
NLB076271_01,54,119/2,11/2,91,97,7,4:BcdAgaG
NLB076271_01,42,95/2,11/2,73,79,7,4:BcdAgaG
NLB076303_01,3,6,3,4,9,6,1:eddedd
NLB076303_01,6,12,6,10,14,5,2:bbddc
NLB076303_01,12,18,6,15,20,6,2:bbddc
NLB076303_01,18,21,3,21,24,4,3:gbdg
NLB076303_01,24,27,3,28,33,6,4:eeegfise
NLB076303_01,27,30,3,34,36,3,5:dcb
NLB076426_01,5/2,5,5/2,4,7,4,1:gbed
NLB076426_01,5,15/2,5/2,8,11,4,2:defg
NLB076426_01,15/2,21/2,3,12,15,4,3:fed
NLB076426_01,21/2,23/2,1,16,17,2,4:dg
NLB076426_01,12,53/4,5/4,19,20,2,5:be
NLB076495_01,55/2,32,9/2,26,28,3,2:fis
NLB076495_01,38,42,4,36,38,3,3:gacb
NLB076495_01,163/2,175/2,6,78,80,3,3:gacb
NLB076495_01,187/2,195/2,4,89,91,3,4:bag
NLB076625_01,0,11/2,11/2,0,7,8,1:8884.8884.
NLB076625_01,11/2,11,11/2,8,16,9,1:8884.8884.
NLB076625_01,43/2,23,3/2,40,41,2,5:gd
NLB076632_01,11/2,11,11/2,8,15,8,1:8884.8884.
NLB076632_01,0,11/2,11/2,0,7,8,1:8884.8884.
NLB076632_01,22,47/2,3/2,36,37,2,5:gd
NLB076740_01,8,10,2,10,13,4,2:defg
NLB076740_01,10,11,1,14,15,2,3:fed
NLB076740_01,27,28,1,38,39,2,4:dg
NLB076740_01,61/2,32,3/2,43,45,3,5:be
NLB076740_01,15,16,1,18,19,2,4:dg
NLB111478_01,13,15,2,18,19,2,1:bag
NLB111478_01,19,45/2,7/2,25,27,3,2:fis
NLB111478_01,57,60,3,70,72,3,3:gacb
NLB111478_01,65,68,3,80,82,3,4:bag
NLB111484_01,0,5/2,5/2,0,2,3,1:gbd
NLB111484_01,5/2,6,7/2,3,7,5,2:edccb
NLB111484_01,19/2,12,5/2,14,15,2,3:da
NLB111484_01,12,18,6,16,24,9,5:abcdefisgg
NLB111484_01,24,30,6,33,41,9,5:abcdefisgg
NLB111656_01,17,39/2,5/2,28,31,4,1:gfed
NLB111656_01,2,5,3,2,5,4,1:gfed
NLB111656_01,13/2,35/4,9/4,9,12,4,2:aaaa
NLB111760_01,12,15,3,15,18,4,1:dbdg
NLB111760_01,7/2,6,5/2,5,6,2,2:fise
NLB111760_01,8,12,4,12,14,3,3:gfised
NLB111760_01,15,18,3,19,22,4,4:bage
NLB111760_01,27,30,3,35,38,4,4:bage
NLB111760_01,18,24,6,23,29,7,5:edefisg
NLB111760_01,30,36,6,39,45,7,5:edefisg
NLB112115_01,55/2,30,5/2,33,35,3,1:ad
NLB112115_01,79/2,42,5/2,48,50,3,1:ad
NLB112115_01,121/2,127/2,3,73,76,4,2:fised
NLB112115_01,65,141/2,11/2,79,81,3,3:bag
NLB112123_01,1,6,5,1,4,4,1:defisg
NLB112123_01,13,18,5,12,15,4,1:defisg
NLB112123_01,10,12,2,9,10,2,2:ba
NLB112123_01,22,24,2,20,21,2,2:ba
NLB112123_01,24,30,6,22,27,6,3:deedee
NLB112210_01,2,4,2,3,6,4,1:gfed
NLB112210_01,31/2,39/2,4,28,31,4,1:gfed
NLB112233_01,0,5/2,5/2,0,2,3,1:gbd
NLB112233_01,6,8,2,8,10,3,1:gbd
NLB112233_01,5/2,6,7/2,3,7,5,2:edccb
NLB112233_01,12,18,6,16,24,9,5:abcdefisgg
NLB112233_01,24,30,6,32,40,9,5:abcdefisgg
NLB124573_01,5/2,4,3/2,8,10,3,1:gbed
NLB124573_01,12,53/4,5/4,31,32,2,4:dg
NLB125421_01,13,15,2,17,18,2,1:bag
NLB125421_01,20,23,3,25,26,2,2:fis
NLB125421_01,59,62,3,72,74,3,3:gacb
NLB125421_01,67,71,4,82,84,3,4:bag
NLB125427_01,13,18,5,15,23,9,5:abcdefisgg
NLB125427_01,25,30,5,31,39,9,5:abcdefisgg
NLB134389_01,1,6,5,1,4,4,1:defisg
NLB134389_01,13,18,5,12,15,4,1:defisg
NLB134389_01,10,12,2,9,10,2,2:ba
NLB134389_01,22,24,2,21,22,2,2:ba
NLB134389_01,24,30,6,23,29,7,3:deedee
NLB134474_01,24,27,3,28,31,4,1:dbdg
NLB134474_01,0,3,3,0,3,4,1:dbdg
NLB134474_01,12,15,3,14,17,4,1:dbdg
NLB134474_01,31/2,33/2,1,19,20,2,2:fise
NLB134474_01,7/2,9/2,1,5,6,2,2:fise
NLB134474_01,15/2,11,7/2,10,13,4,3:gfised
NLB134474_01,27,30,3,32,35,4,4:bage
NLB134474_01,30,35,5,36,42,7,5:edefisg
NLB134480_01,0,5/2,5/2,0,2,3,1:gbd
NLB134480_01,5/2,6,7/2,3,7,5,2:edccb
NLB134480_01,19/2,12,5/2,14,15,2,3:da
NLB134480_01,12,18,6,16,23,8,5:abcdefisgg
NLB135273_01,0,5/2,5/2,0,2,3,1:gbd
NLB135273_01,5/2,6,7/2,3,7,5,2:edccb
NLB135273_01,19/2,12,5/2,14,15,2,3:da
NLB135273_01,12,18,6,16,23,8,5:abcdefisgg
NLB138219_01,9/2,8,7/2,9,11,3,1:bag
NLB138219_01,57/2,32,7/2,44,46,3,1:bag
NLB138219_01,16,18,2,24,25,2,2:dg
NLB138219_01,49/2,57/2,4,36,43,8,3:cbcdefisgc
NLB141251_01,2,5,3,2,5,4,1:gfed
NLB141251_01,13/2,8,3/2,8,10,3,2:aaaa
NLB141251_01,11,14,3,15,18,4,1:gfed
NLB141251_01,31/2,35/2,2,21,24,4,2:aaaa
NLB141251_01,29,32,3,40,43,4,1:gfed
NLB141314_01,0,7/2,7/2,0,3,4,1:dbdg
NLB141314_01,4,5,1,5,6,2,2:fise
NLB141314_01,8,23/2,7/2,10,13,4,3:gfised
NLB141314_01,25/2,31/2,3,14,17,4,1:dbdg
NLB141314_01,16,17,1,19,20,2,2:fise
NLB141314_01,49/2,55/2,3,28,31,4,1:dbdg
NLB141314_01,55/2,61/2,3,32,35,4,4:bage
NLB141314_01,61/2,71/2,5,36,42,7,5:edefisg
NLB141407_01,79/2,42,5/2,48,50,3,1:ad
NLB141407_01,55/2,30,5/2,34,36,3,1:ad
NLB141407_01,62,65,3,73,75,3,2:fised
NLB141407_01,133/2,71,9/2,78,80,3,3:bag
NLB141648_01,12,15,3,16,19,4,1:dbdg
NLB141648_01,21,24,3,28,31,4,3:defisg
NLB141649_01,79/2,42,5/2,49,51,3,1:ad
NLB141649_01,55/2,30,5/2,34,36,3,1:ad
NLB141649_01,121/2,127/2,3,74,77,4,2:fised
NLB141649_01,65,141/2,11/2,80,82,3,3:bag
NLB143240_01,0,4,4,0,4,5,1:ddabcd
NLB143240_01,37/2,43/2,3,24,26,3,2:ad
NLB144042_01,2,4,2,3,6,4,1:gfed
NLB144042_01,31/2,39/2,4,28,31,4,1:gfed
NLB144072_01,0,6,6,0,7,8,1:8884.8884.
NLB144072_01,6,12,6,8,15,8,1:8884.8884.
NLB144072_01,33/2,18,3/2,25,26,2,3:bag
NLB144100_01,1,11/2,9/2,2,5,4,1:defisg
NLB144100_01,16,21,5,15,18,4,1:defisg
NLB144100_01,10,15,5,12,13,2,2:ba
NLB144100_01,30,36,6,26,31,6,3:deedee
NLB145525_01,1,4,3,1,4,4,"1:b,a,g,fis"
NLB145525_01,13,16,3,13,16,4,"1:b,a,g,fis"
NLB145525_01,9,12,3,10,11,2,"2:a,d"
NLB145525_01,21,24,3,22,23,2,"2:a,d"
NLB145525_01,24,26,2,24,26,3,3:ddg
NLB145525_01,39,41,2,44,46,3,3:ddg
NLB145525_01,26,28,2,27,30,4,4:bbbb
NLB145525_01,41,43,2,47,50,4,4:bbbb
NLB145525_01,31,34,3,35,37,3,5:bdb
NLB145525_01,46,49,3,55,57,3,5:bdb
NLB145525_01,34,39,5,38,43,6,6:accbag
NLB145525_01,49,54,5,58,63,6,6:accbag
NLB145856_01,0,2,2,0,2,3,1:gbd
NLB145856_01,2,6,4,3,7,5,2:edccb
NLB146608_01,1,4,3,1,4,4,"1:b,a,g,fis"
NLB146608_01,9,12,3,10,11,2,"2:a,d"
NLB146608_01,12,14,2,12,14,3,3:ddg
NLB146608_01,14,16,2,15,18,4,4:bbbb
NLB146608_01,19,22,3,23,25,3,5:bdb
NLB146608_01,22,27,5,26,31,6,6:accbag
NLB146699_01,32,35,3,45,48,4,10:decb
NLB146699_01,35,36,1,49,50,2,11:gg
NLB146699_01,36,40,4,51,55,5,12:abcag2
NLB146699_01,6,8,2,9,11,3,3:afisd
NLB146699_01,8,10,2,12,14,3,4:ded
NLB146699_01,16,20,4,22,26,5,7:g-g'fis
NLB146699_01,22,24,2,31,33,3,8:edd
NLB146728_01,55/2,30,5/2,33,35,3,1:ad
NLB146728_01,79/2,42,5/2,48,50,3,1:ad
NLB146728_01,62,65,3,73,75,3,2:fised
NLB146728_01,133/2,71,9/2,78,80,3,3:bag
NLB146731_01,13,15,2,17,18,2,1:bag
NLB146731_01,19,23,4,24,26,3,2:fis
NLB146731_01,59,63,4,71,73,3,3:gacb
NLB146731_01,67,71,4,81,83,3,4:bag
NLB146741_01,0,3/2,3/2,0,1,2,1:dg 
NLB146741_01,36,75/2,3/2,47,48,2,1:dg 
NLB146741_01,18,24,6,18,23,6,2:dfisfisfis4
NLB146741_01,54,60,6,65,70,6,2:dfisfisfis4
NLB146741_01,26,55/2,3/2,28,31,4,3:gfise
NLB147463_01,0,5/2,5/2,0,1,2,1:dc
NLB147463_01,6,8,2,7,8,2,2:ba
NLB147463_01,19,22,3,22,24,3,3:bag
NLB147912_01,0,7/2,7/2,0,4,5,1:ddabcd
NLB147912_01,37/2,43/2,3,25,27,3,2:ad
NLB151180_01,2,4,2,3,4,2,1:ca
NLB151180_01,32,35,3,45,49,5,10:decb
NLB151180_01,36,39,3,52,56,5,12:abcag2
NLB151180_01,8,10,2,11,13,3,4:ded
NLB151180_01,16,20,4,22,26,5,7:g-g'fis
NLB151180_01,22,24,2,31,32,2,8:edd
NLB151180_01,28,31,3,40,44,5,9:cdeed
NLB152778_01,6,9,3,6,8,3,2:gbdd
NLB152778_01,12,15,3,12,14,3,4:ded
NLB152778_01,20,26,6,22,27,6,7:g-g'fis
NLB152778_01,28,30,2,32,33,2,8:edd
NLB152778_01,36,40,4,40,44,5,9:cdeed
NLB152778_01,45,50,5,51,55,5,12:abcag2
NLB152784_01,72,75,3,46,47,2,1:dg 
NLB152784_01,0,3,3,0,1,2,1:dg 
NLB152784_01,36,48,12,18,23,6,2:dfisfisfis4
NLB152784_01,108,120,12,64,69,6,2:dfisfisfis4
NLB152784_01,52,55,3,28,30,3,3:gfise
NLB162519_01,1,6,5,1,4,4,1:defisg
NLB162519_01,13,18,5,13,16,4,1:defisg
NLB162519_01,10,12,2,9,10,2,2:ba
NLB162519_01,24,30,6,24,29,6,3:deedee
NLB162526_01,1/4,3,11/4,1,5,5,1:defisg
NLB162526_01,25/4,9,11/4,13,17,5,1:defisg
NLB162526_01,19/4,6,5/4,10,11,2,2:ba
NLB162526_01,12,59/4,11/4,24,29,6,3:deedee
NLB162526_01,24,107/4,11/4,46,51,6,3:deedee
NLB162684_01,1,4,3,1,4,4,"1:b,a,g,fis"
NLB162684_01,13,16,3,14,17,4,"1:b,a,g,fis"
NLB162684_01,9,12,3,11,12,2,"2:a,d"
NLB162684_01,21,24,3,24,25,2,"2:a,d"
NLB162684_01,24,26,2,26,28,3,3:ddg
NLB162684_01,39,41,2,44,46,3,3:ddg
NLB162684_01,31,34,3,36,38,3,5:bdb
NLB162684_01,46,49,3,54,56,3,5:bdb
NLB162684_01,34,39,5,39,43,5,6:accbag
NLB162684_01,49,54,5,57,61,5,6:accbag
NLB167193_01,0,2,2,0,2,3,1:gbd
NLB167193_01,2,6,4,3,7,5,2:edccb
NLB167193_01,19/2,12,5/2,13,14,2,3:da
NLB167193_01,12,18,6,15,24,10,5:abcdefisgg
NLB167193_01,24,30,6,33,42,10,5:abcdefisgg
